suspect_id,suspect_name,age,height,weight,relationship_to_victim,physical_capability,access_to_scene,alibi_strength,motive_strength,prior_conflict,fingerprints_at_scene,dna_match_strength,time_of_arrival,time_of_departure,at_scene_during_murder,time_at_scene,had_opportunity,witness_testimony,camera_evidence,suspicious_behavior,inconsistent_statements
1,Dr. Emma Clarke,65,63,147,colleague,0.5662081184867367,0,6.0759193539561895,2.937738214974511,0,1,24.706997692673845,-40,-3,0,37,0,4.054971798071117,3.069338917223954,1.73642369004149,1.7040683952852325
1,Dr. Emma Clarke,63,64,152,friend,0.38969208493116675,0,3.9304182051420633,2.9719335225498096,0,0,15.17460585674398,-37,3,1,40,1,4.92093116521052,3.421569686491177,1.2016346109371767,0.994614020678164
1,Dr. Emma Clarke,65,63,150,rival,0.33061300789505843,1,3.645793028651993,2.5494811272480815,1,0,24.896737362808484,-75,-49,0,26,0,2.9278394237819896,3.8432338648827584,0.065074775038227,2.962064673351595
1,Dr. Emma Clarke,62,64,142,colleague,0.3333162260539876,0,4.785885094729648,3.523250329081476,0,0,26.83336379583323,-73,-52,0,21,0,1.0553418541359672,0.391102647298176,3.928744751335766,1.0372706911449368
1,Dr. Emma Clarke,64,65,142,colleague,0.3023388278333361,1,4.030412107220336,2.8627192434741415,0,0,38.80313326454639,27,68,0,41,0,1.5139999098516765,4.065662397962878,2.46697930576589,2.7626491687835197
1,Dr. Emma Clarke,64,64,143,colleague,0.3500357959720908,1,3.671475014804373,0.09531147909309423,0,0,12.323031811707478,20,45,0,25,0,2.178942369002465,3.130295755646726,3.1600461464697878,0.7636578108696206
1,Dr. Emma Clarke,64,63,149,colleague,0.4687516898566986,1,8.414492017884056,4.43268709045342,0,1,5.686972253716553,-17,8,1,25,1,2.847152308726711,4.169192664017282,0.20368872087747025,0.03149712391685
1,Dr. Emma Clarke,64,64,149,rival,0.5948313253482022,0,6.325827151493416,1.7446471916295831,0,1,25.686374644648254,35,76,0,41,0,1.1595289302725464,0.30352341116625103,0.07607863610996413,2.3056134079650086
1,Dr. Emma Clarke,63,65,148,rival,0.655656237820798,1,6.736180138839683,3.8770788764997173,0,1,10.64667027503533,41,81,0,40,0,1.7192369490158066,1.1605155657096184,0.8788093801635117,3.6362806166700743
1,Dr. Emma Clarke,65,65,152,rival,0.4873869124983506,0,7.337970020385914,2.342227397552283,0,0,27.837506575215325,-33,7,1,40,0,4.222656419948702,3.109211892158113,1.1298288610785465,2.9970172073302237
1,Dr. Emma Clarke,62,63,145,colleague,0.36252563776299057,0,7.76089473438193,5.658328190167273,0,1,24.48906787966733,-135,-109,0,26,0,1.785219374184603,0.7930273255227055,3.311794753654649,3.577829882606235
1,Dr. Emma Clarke,61,64,148,friend,0.34558771734703453,1,6.371888692264063,2.9181917872051355,0,0,31.92808655376488,75,120,0,45,0,1.3374561777829264,0.7558918689715916,2.760542329361906,2.061549770959898
1,Dr. Emma Clarke,61,64,149,rival,0.6850588436174302,0,8.847958539689714,4.689914373035991,0,0,8.565381384092253,-6,36,1,42,1,3.1496305807701996,4.3543473707655895,3.6439430821430214,0.6281301894292017
1,Dr. Emma Clarke,64,65,149,colleague,0.5930207576468369,1,6.882557825613182,2.00764515187565,1,0,20.368796132037666,-20,-10,0,10,0,1.2265803230856864,4.045726078512644,1.36528027912254,2.0200909129161175
1,Dr. Emma Clarke,63,65,148,colleague,0.4442573625726711,0,3.909667287165206,4.52104302628265,0,1,33.06190375245213,-16,20,1,36,0,4.7592027057852775,2.5807764677184575,2.7287945557169424,3.7749610254097856
1,Dr. Emma Clarke,61,65,150,colleague,0.6774571361231243,1,4.888827431275734,5.891669546322792,1,1,31.57173347695381,48,67,0,19,0,4.512555657869475,0.28904914773005885,2.5264302486195285,2.8534780680856335
1,Dr. Emma Clarke,65,64,148,colleague,0.4608011272125925,0,6.321662569353567,1.8259381378390356,0,0,5.2765781726324885,-51,-8,0,43,0,3.052005317823983,0.7343090586474188,1.6157522930559232,2.5755173923115002
1,Dr. Emma Clarke,65,65,152,colleague,0.4768575271888702,0,7.870986466775674,3.892542037569241,0,0,7.94983231495288,-3,31,1,34,0,3.70026111155285,0.630028229969356,3.967695878171629,1.1357114378730806
1,Dr. Emma Clarke,65,64,150,colleague,0.4362835519225785,0,3.1405304533790597,5.34191603049332,0,1,34.12801453542353,-50,-13,0,37,0,4.9347735012052425,0.5522095312172981,0.2397829545016119,1.4919154721425905
1,Dr. Emma Clarke,63,63,142,colleague,0.6026239772169661,0,5.692421315519263,3.4346116812613023,1,1,13.26340644202057,58,104,0,46,0,3.57323560470115,4.687697128494991,2.6620821813729,3.377983081208137
1,Dr. Emma Clarke,63,64,152,rival,0.6139157051297404,0,7.034602812229312,4.286105873182374,0,1,16.474643707840247,5,38,0,33,0,2.2715479544545647,0.7327662673458613,1.7027685293089636,1.6482118094547737
1,Dr. Emma Clarke,64,63,149,colleague,0.38591376079965856,1,7.060934656542044,2.41652224607346,0,0,35.5205177458322,14,64,0,50,0,2.1171109749567423,2.200399774648914,3.724142430657745,1.9581642666970773
1,Dr. Emma Clarke,62,63,150,colleague,0.35084959115017766,0,3.7763111279024986,4.227148108773774,0,1,12.442488863618173,-28,-8,0,20,0,4.720347805284958,1.8466602981722857,3.807287011109771,2.406400854954654
1,Dr. Emma Clarke,61,64,151,colleague,0.41583623004043735,0,3.7064532803654977,1.829547553853099,0,1,5.979222489089737,-110,-63,0,47,0,2.10878484132331,4.684103276366477,1.2206558552103401,1.1339291994446947
1,Dr. Emma Clarke,64,63,143,colleague,0.5190149198432235,1,3.2680948563326218,2.887058596598763,0,1,16.82381367197057,-39,9,1,48,1,0.6926114300177938,3.182301314955062,3.0467151239493306,2.668882979425035
1,Dr. Emma Clarke,63,63,151,rival,0.565800924967496,0,4.396933700155217,2.3723827752022983,0,0,36.15151077887689,46,61,0,15,0,4.329767866641833,3.5360431307853792,2.2879791745576026,3.184635125744198
1,Dr. Emma Clarke,65,65,143,colleague,0.5575656758527541,1,8.731009958030464,3.2510059733773278,0,0,23.261382629192287,57,99,0,42,0,4.484321401218477,0.6014158821945786,3.744727239962203,0.7189736057036149
1,Dr. Emma Clarke,62,63,151,colleague,0.47769178773357845,0,6.641128926892481,2.4107871914905172,1,0,5.814213692385549,-34,2,1,36,1,2.639508780739547,1.9100549167833396,0.36410034044517925,3.9191444545785674
1,Dr. Emma Clarke,63,63,144,colleague,0.40222181012721264,1,4.84076531017563,2.443658605751778,1,0,16.38517436646688,-122,-109,0,13,0,1.4901216845936966,0.4937210798278996,0.5698422018534779,3.5720440841978127
1,Dr. Emma Clarke,61,63,145,colleague,0.39584918544332304,0,4.4189467054447285,3.0517276414807126,0,0,14.42506344707399,-55,-10,0,45,0,2.03538231795498,2.420857549790533,1.6299751589757587,0.9349618230383125
1,Dr. Emma Clarke,63,65,151,rival,0.570038971607415,1,6.328244700352143,4.711285119901806,0,1,7.936792445329761,28,51,0,23,0,3.914407937523406,0.7118351524064398,2.1617590184601756,0.6727533275492088
1,Dr. Emma Clarke,64,65,149,colleague,0.3167168319255145,0,8.766686655403902,3.7243795077167205,0,1,7.106126082485453,100,127,0,27,0,2.989338757503366,4.197438608109868,1.5206140577567178,1.4056716812383732
1,Dr. Emma Clarke,65,65,146,colleague,0.3181938921255359,0,6.378489467647756,1.8038300911954832,0,1,9.88775939030634,0,37,1,37,1,2.5241012482873035,4.010282766755816,3.5357264483601147,3.7816338641236795
1,Dr. Emma Clarke,64,64,145,friend,0.5649108111352382,0,4.2637433615237175,5.753956076481059,0,0,9.680401069115957,86,134,0,48,0,2.3826447503372745,4.507224969922699,2.690825616524697,1.6526521311935976
1,Dr. Emma Clarke,64,64,150,friend,0.3324595146992958,0,6.907598826774498,3.231895969701447,0,0,20.581186961595762,-108,-74,0,34,0,4.13733417545672,1.7898287023138637,0.7087465476735169,3.0718633774480133
1,Dr. Emma Clarke,61,63,149,rival,0.4481922564990754,1,3.0561798164928295,4.458866671612039,0,0,29.8219222018401,-99,-50,0,49,0,3.126182790964042,4.042072471894679,0.8845907221513372,3.9204764811339574
1,Dr. Emma Clarke,61,64,149,colleague,0.6618030360461702,0,4.254517928084823,1.176520764124253,0,1,35.447068137728905,11,52,0,41,0,0.8523854818860138,0.968851285421789,2.9552593101771785,2.688702186417091
1,Dr. Emma Clarke,62,63,151,colleague,0.35129855795494747,1,4.557746884237083,3.419419744110657,1,0,32.3788448020926,-74,-63,0,11,0,4.959756768115265,3.4649290769448298,2.131766069366233,1.0116842889988527
1,Dr. Emma Clarke,64,63,148,rival,0.5563865145239226,0,3.3111767852541716,5.632555976048079,0,0,14.591245869249994,40,79,0,39,0,2.4778735772323546,2.5862845688693863,0.1738586987198123,2.8848811156913103
1,Dr. Emma Clarke,64,65,149,colleague,0.42649678589451095,0,5.008234891972343,5.280590753487629,0,0,12.896980116019742,39,53,0,14,0,4.584976108744151,0.9843840883851634,1.3168985340239363,0.2513764985202158
2,Prof. James Wilson,52,67,223,colleague,0.6232236296654448,0,6.75778265007112,2.005815215729516,1,1,13.342572439894772,-37,-24,0,13,0,4.108168979495334,2.5983752233576447,0.9469746632441156,0.29164334463326513
2,Prof. James Wilson,55,66,227,colleague,0.47858247631470696,1,8.847153472633075,5.500286267698273,0,0,29.26772834566226,54,67,0,13,0,4.595578938811537,2.2095920165922056,1.2058842960220169,2.50474084710595
2,Prof. James Wilson,52,68,217,colleague,0.41796670809367087,0,3.574981508432417,4.511780146260917,1,0,28.0903411048672,-134,-100,0,34,0,2.321045465587254,2.140528704223713,2.4808428174027966,0.4051117104177613
2,Prof. James Wilson,52,67,225,friend,0.43127746757213276,1,3.616137922359492,3.571050646005544,1,0,11.77650896201245,0,50,1,50,0,1.7769560747223716,2.4069965155654782,2.483403546947965,0.7436936272130152
2,Prof. James Wilson,52,66,219,colleague,0.42466674323237624,0,8.758448108361883,4.526241810220941,0,0,32.142348252958534,-98,-69,0,29,0,3.016647448498767,1.4553197238158426,3.8810842337632727,2.0707223590147468
2,Prof. James Wilson,53,66,220,rival,0.5028431469773762,0,8.15221323317024,2.532366842500095,1,1,36.797507644028535,53,84,0,31,0,0.9467778603680482,2.378625299587159,2.7673640245772377,1.8696095526147571
2,Prof. James Wilson,56,68,222,colleague,0.5464412549127089,0,3.9736799197575996,2.72581256372208,0,1,12.679205851244744,-130,-106,0,24,0,3.466102787489966,2.3326837876409297,0.852554030389161,1.922984830575769
2,Prof. James Wilson,54,68,223,colleague,0.38212654411885905,1,8.939268261494878,2.176902875746433,1,1,9.031625240922487,-62,-40,0,22,0,3.156672886970877,4.563543825057623,1.4396369470329526,3.9012371012474767
2,Prof. James Wilson,54,66,220,colleague,0.6541528918206657,0,5.038904958108105,3.327029730944228,1,1,34.500849725027386,86,97,0,11,0,4.157228681350215,0.6862176723376939,2.619476788860979,3.5400460991552176
2,Prof. James Wilson,53,67,224,colleague,0.39605997314942076,0,6.965452291281214,5.646970534038248,0,0,35.85823282733658,96,110,0,14,0,0.5924665981692162,4.413615611350367,0.5231787203221949,0.758564507713356
2,Prof. James Wilson,54,67,226,friend,0.4718160658388779,0,8.526081564107322,4.578494248510658,0,0,15.296396111216936,-102,-77,0,25,0,0.26629487534832685,3.978059600296367,3.491405967666463,3.4060105534872256
2,Prof. James Wilson,55,66,218,rival,0.6138660891970017,0,6.68931868962376,1.0046012479937283,0,0,31.289769432101753,-40,3,1,43,1,1.6091156643810445,1.8693936066879209,2.7780386949568108,2.8625994907543624
2,Prof. James Wilson,54,68,223,friend,0.5552422401940382,0,6.898423569050632,1.2431975850251142,0,1,13.203460714641949,-86,-49,0,37,0,4.443544647733978,2.856851933792581,3.7419956279525635,1.496429421142615
2,Prof. James Wilson,53,66,221,friend,0.4778021261656902,0,6.503773348382543,2.79151866639832,0,1,21.364284605813754,-35,6,1,41,1,1.911854633119635,0.897828655007798,0.9351615984924098,2.5814194105830324
2,Prof. James Wilson,52,67,225,colleague,0.5051163957913276,0,7.715239775617046,5.559635515261065,1,1,6.339848481945037,-89,-67,0,22,0,3.375536625431526,1.250118214738204,2.9808453862537374,3.073931416378597
2,Prof. James Wilson,53,68,226,friend,0.6991982821758541,0,7.514300139971913,4.4389260356035365,0,1,15.48159532148081,71,106,0,35,0,4.729075037157479,4.109306580571598,3.0312243001254946,0.04756288146984522
2,Prof. James Wilson,53,67,220,colleague,0.3907705209354635,0,5.84662951083734,3.0949521029146148,0,0,30.287862297176716,-22,-7,0,15,0,1.5653741674796366,0.9392327602503064,3.080524264035516,2.7917650764491517
2,Prof. James Wilson,55,68,217,colleague,0.4498800669281191,0,3.7700738447415203,5.66012400706731,1,0,34.20046085427094,-57,-21,0,36,0,2.1285967411757554,3.763130918270674,3.0513663225961745,2.7620744269372226
2,Prof. James Wilson,56,66,226,colleague,0.6141431243187456,0,3.9221474369128044,5.715825274329962,0,0,26.10509750978147,23,58,0,35,0,4.900860577125793,1.0210230927427362,1.5625445861729754,2.1379623230228972
2,Prof. James Wilson,52,67,226,colleague,0.6847752584562757,0,4.8278727871138525,1.0285419570347591,0,1,33.926618986694955,19,30,0,11,0,0.9334605261310464,0.347455177878786,3.8519782240955265,1.135270482477316
2,Prof. James Wilson,56,66,224,colleague,0.3229812722463973,0,4.030954301063957,5.158244084260423,0,1,8.876038190125065,0,40,1,40,0,1.944964489158122,4.51793752110375,0.8259187677482447,3.48179627077809
2,Prof. James Wilson,55,66,226,colleague,0.5300365535591669,0,4.217837043217197,4.3006322839037745,0,1,39.68797896053061,-34,1,1,35,0,1.2342006163990682,1.6444573145472456,2.2769162916910464,1.9638345080675053
2,Prof. James Wilson,52,68,218,friend,0.41516471399754024,0,5.737839744096182,4.201899238346791,0,1,26.45596290990737,84,105,0,21,0,2.0752637926166804,0.8978905491517714,2.4709460655821545,1.7283064561435029
2,Prof. James Wilson,53,68,226,colleague,0.33821366844639567,0,3.2619867879016065,5.31325090842871,1,0,23.82081400764089,49,63,0,14,0,3.4902199628404436,3.61204694592337,0.8690194758396288,1.97395030889744
2,Prof. James Wilson,56,66,222,colleague,0.3306134544473793,1,7.599234481730043,1.9560788159115343,0,1,22.71226001204722,-32,-18,0,14,0,3.194333117249821,3.378110332404678,1.8476158792124857,1.3746308608638476
2,Prof. James Wilson,53,67,217,colleague,0.30429494455637257,1,8.502821853897597,1.9626621754599616,0,1,7.388300991722954,11,36,0,25,0,3.5679076965905137,2.188618262866726,1.883150929821333,1.1165675473678864
2,Prof. James Wilson,52,68,218,colleague,0.37089464156074714,1,7.448678898402282,1.0107202415578944,0,1,14.5638292683093,-27,-6,0,21,0,1.083362166375379,0.17222422706662466,2.700176523098314,0.8646659982817808
2,Prof. James Wilson,56,68,227,friend,0.5865641732813132,0,5.343710334167482,1.8499455054396399,1,1,32.034339332646454,52,77,0,25,0,1.8732235174162826,1.1927016153926284,0.3655457203399668,1.686730922101264
2,Prof. James Wilson,54,66,227,colleague,0.5675797821973905,1,8.293716345575595,4.7815449909292935,0,1,10.84665392741887,-28,-12,0,16,0,4.078121681777443,1.6133978799750697,2.5071457382901765,2.498693412754515
2,Prof. James Wilson,55,67,218,friend,0.3929632550888657,1,4.940206967605124,0.0899674327137836,0,1,12.44687788976101,-92,-65,0,27,0,3.2497249776091195,1.8448998050368925,0.2693250741201654,0.8742434206931837
2,Prof. James Wilson,56,67,218,rival,0.5850124434714958,0,8.53334345745139,3.415230371272226,1,1,16.352400178831488,33,67,0,34,0,3.389502611925952,4.861834264226496,2.774882976202113,1.3281861893931342
2,Prof. James Wilson,54,68,224,colleague,0.32700539331169487,1,8.472619529889684,2.6934693924652664,0,0,22.619701553593565,30,54,0,24,0,0.10606689812051762,3.794705156116911,0.4962246510043329,0.9455853026483441
2,Prof. James Wilson,53,68,218,colleague,0.3239692066238984,0,4.779688382238676,0.9100235123521656,1,1,37.31931988437321,33,71,0,38,0,3.6962781800825857,1.6434492593358085,1.112505773232539,2.574408286421623
2,Prof. James Wilson,56,67,227,friend,0.6250842162622663,0,4.374060132217474,4.397238775995534,0,1,6.89258934357853,105,130,0,25,0,4.007259036874392,3.481390242260032,0.8897762181777713,3.490823131247935
2,Prof. James Wilson,53,67,227,rival,0.302417063905647,0,3.419909519865864,1.154792683665761,0,1,12.147700446804128,-122,-75,0,47,0,2.744235501856389,3.9761654634703953,0.8174933265540041,2.0296981954027564
2,Prof. James Wilson,55,67,219,rival,0.5886695063040741,1,4.058613029383923,1.4938165829971748,1,1,27.246132023997866,-54,-14,0,40,0,0.40007985945840097,4.86277600227229,1.5929778926884377,0.6710641524408305
2,Prof. James Wilson,56,68,223,rival,0.6041297857638551,0,7.761351606935295,0.11886646279376545,0,0,31.56004128400978,94,142,0,48,0,2.685988402098369,2.7642606842014277,0.7027972715285933,1.5218009490862854
2,Prof. James Wilson,54,67,225,colleague,0.5424101426626573,1,3.8199380955784035,2.815550887393165,1,1,5.449199528678723,1,34,0,33,0,2.4572685884146113,4.628455356352782,3.7611399410560633,3.881970546907007
2,Prof. James Wilson,55,67,227,colleague,0.6950088250288635,1,8.30999748582364,5.954834815335419,1,0,10.682683414205808,58,84,0,26,0,3.8563518938826764,3.7578870252611223,1.394314751315366,2.836513861674721
2,Prof. James Wilson,54,68,217,colleague,0.5603625338832532,0,7.413985233610502,1.4541172151740887,1,0,27.08334497905942,23,42,0,19,0,1.3066534923551836,2.277353850911007,2.7242659374286946,1.0171521379773258
3,Chef Antonio Romano,48,67,127,stranger,0.6083888742098384,0,8.501297118560123,2.3860015290708736,0,0,23.148796534897535,-74,-37,0,37,0,0.8291180368419571,2.1343573649552177,2.7673471958106624,2.0025872876549786
3,Chef Antonio Romano,50,69,130,stranger,0.5935733747828273,0,8.545923548682872,5.2165077517423075,1,0,32.91368813852778,62,89,0,27,0,3.743650362250415,4.650084329705322,1.5918808787765797,1.232401371193537
3,Chef Antonio Romano,50,67,127,stranger,0.32793659798426517,0,6.149771932520373,3.927127150670003,0,1,18.112798605293044,34,56,0,22,0,2.4323562972986816,2.5130687634826936,0.4409529999095434,2.268368536662175
3,Chef Antonio Romano,48,67,128,friend,0.6236714504932304,1,8.897682751816806,5.229693282043594,0,0,8.821840661709526,17,32,0,15,0,1.465627926800663,1.888642688269972,1.1070488114435206,1.3686076709528758
3,Chef Antonio Romano,50,68,136,stranger,0.6042134377384458,1,4.59648450099522,5.731282398427724,0,0,6.465077052931968,-80,-70,0,10,0,1.878329016379448,2.600370607782037,3.8482315171171417,1.0633431950845829
3,Chef Antonio Romano,49,69,132,stranger,0.43462008050318096,0,5.058464705919256,1.8913428254506226,1,1,18.946497278252608,7,39,0,32,0,4.365387161458107,4.031351026154211,0.012338651922918942,3.4821660428735095
3,Chef Antonio Romano,48,67,135,stranger,0.3491578157812514,0,8.706371636655835,4.508638448195983,1,1,29.016471341704303,87,129,0,42,0,2.0656329639341084,0.939674675581198,3.944725621881284,3.8301885706763774
3,Chef Antonio Romano,47,69,131,stranger,0.6493737967185803,0,7.414878189214701,4.0675765176552305,1,1,30.872162218695372,55,87,0,32,0,2.1395814023570994,4.657417347337216,3.7233780168331236,3.9474858539801536
3,Chef Antonio Romano,47,69,132,stranger,0.41754518928281603,1,3.8589686693187972,3.1203265730843244,0,0,22.662281551294782,-103,-88,0,15,0,1.5067415249479599,3.365310802918104,2.1949866410261274,3.4991431077362014
3,Chef Antonio Romano,50,67,133,stranger,0.5650568441768524,1,4.2698449270620795,4.519515124449575,0,1,20.22126924073436,33,53,0,20,0,4.645017382836616,1.6325039752814363,1.5339592625590805,1.1214313870780477
3,Chef Antonio Romano,50,69,127,friend,0.5661905471556079,0,6.801289143804359,2.951752696504075,0,1,12.833217588158684,21,69,0,48,0,0.32333514258215346,1.716128899790731,3.640668502969823,2.971871278762891
3,Chef Antonio Romano,51,68,129,stranger,0.3894203342768369,1,3.526082043858581,0.5348365607964027,0,0,31.061621330456948,-103,-70,0,33,0,0.6370873322088383,1.5668614564116528,1.5207804315363416,2.9476715624832655
3,Chef Antonio Romano,51,69,129,stranger,0.6388474386577174,0,4.917857934740822,2.1901430546127916,0,0,23.191298382215177,22,46,0,24,0,0.5329296140116596,0.04594260969359165,3.4094481009424555,1.2637049002856249
3,Chef Antonio Romano,49,67,133,stranger,0.5719923688643709,1,4.7003569519163975,4.482359588087381,0,0,6.202035292691072,-60,-18,0,42,0,4.951675559900701,0.6173200634663006,3.9873944177528995,2.8260890714517815
3,Chef Antonio Romano,48,68,130,stranger,0.5816561906531325,0,8.886856770971871,1.99886728015701,0,1,30.643033591696256,64,77,0,13,0,4.615789274328645,3.880193687193849,3.4271151866765215,2.9095818517150835
3,Chef Antonio Romano,48,67,134,stranger,0.456914229206473,0,5.840529709621412,2.089842964308598,0,1,30.436411014991965,-56,-34,0,22,0,3.505543353268959,2.740050159162747,0.38927826675476673,1.2936743424018164
3,Chef Antonio Romano,47,69,130,stranger,0.48301300005505676,1,3.825365756834316,4.17573315571733,1,1,12.634776556138288,47,57,0,10,0,1.8111288817956113,4.280706479239542,0.407791366527015,3.141997009172564
3,Chef Antonio Romano,50,68,136,stranger,0.6366640364176717,0,3.57628639141845,5.844952559793401,1,1,39.30968659401112,26,73,0,47,0,2.1691071975874516,0.7428416098271512,2.890201670050442,0.9800040135977515
3,Chef Antonio Romano,50,68,130,friend,0.5751936423663957,0,6.916781801515828,2.252229844444236,0,0,28.04815980148606,63,97,0,34,0,1.3760802012806201,3.265977369439538,1.4692922237993007,0.48000154246770244
3,Chef Antonio Romano,50,69,136,friend,0.6633913800410881,1,6.521102945788885,5.924096013872202,0,0,8.309363333896025,6,40,0,34,0,2.420957386491976,3.2229832449084883,1.7346259146441025,2.2856923975120913
3,Chef Antonio Romano,47,69,134,friend,0.37395593942800315,0,3.118478330692494,3.336360982841082,0,0,22.099714184087574,8,55,0,47,0,2.694908928638291,4.094138025867481,2.6068026460435783,3.0140328631695565
3,Chef Antonio Romano,47,67,135,stranger,0.5780863558648155,1,5.683397269271894,1.8857764954736216,1,0,27.84241751314967,-111,-85,0,26,0,4.2572505307595705,0.17502639757880245,3.919713739297304,2.0245932429605102
3,Chef Antonio Romano,51,67,132,stranger,0.6908412395275487,0,4.490022508826851,0.27699757871991104,0,0,15.268888980675602,0,18,1,18,0,3.4755074721923487,2.6133312996768634,3.9440780877112496,1.4084685029438773
3,Chef Antonio Romano,48,69,127,stranger,0.5650467986457446,1,3.220403694573357,0.8500039860476203,0,1,9.697280198894838,-3,44,1,47,1,0.6424605745488554,3.111563713178598,0.29743863790776137,1.0198694843254814
3,Chef Antonio Romano,48,68,133,acquaintance,0.3333016304515018,1,5.552060184189647,4.167092225398598,0,1,30.643621455348942,34,56,0,22,0,3.5722248394840306,2.8182107827558385,2.5910844451340496,2.04570977702572
3,Chef Antonio Romano,48,68,132,stranger,0.4515767604884799,0,4.48498611498734,1.6207514013925737,0,0,19.23734424493147,-46,-31,0,15,0,1.8140974234508493,1.6675867430147133,1.0930120094516762,3.475421482267897
3,Chef Antonio Romano,47,67,132,stranger,0.6917940854095622,1,8.710697163865092,4.696401711954289,1,0,35.64291734791722,26,67,0,41,0,0.4777027863621752,1.744501058029217,2.2886322994648918,1.1279868945939011
3,Chef Antonio Romano,47,67,128,stranger,0.42719855590614764,0,4.084034905366877,4.836509976146987,0,0,24.30850934841926,102,137,0,35,0,2.3843093437071934,0.6378610156126702,0.03798987527663522,2.0542616758710937
3,Chef Antonio Romano,48,67,132,stranger,0.5270243100387524,1,8.51064986253169,3.835160939745598,0,0,28.737532878701423,-21,18,1,39,1,4.931231377795391,3.9923444937417587,2.0089169826155797,1.1032918975536918
3,Chef Antonio Romano,48,68,136,friend,0.6431685897318788,0,5.43908870684706,1.8764214744528651,1,1,30.548356051752606,-122,-76,0,46,0,0.28705761151705367,3.7170472847614757,2.2166390994068683,1.9714021327598963
3,Chef Antonio Romano,50,69,134,stranger,0.6729765675389687,1,5.986831226125872,4.110731184391129,0,0,9.364205518301581,-128,-106,0,22,0,4.554432028211557,3.729586303505683,2.8566402919584184,2.810366855094576
3,Chef Antonio Romano,48,69,136,friend,0.6803473559631673,0,8.281991375011565,3.1686685093080147,0,0,38.76265843137079,51,94,0,43,0,4.518993095497361,0.8740709750027348,1.4682037484469692,0.533275202324524
4,Janitor Fred Murphy,52,75,173,acquaintance,0.4516379063441871,1,5.2397021935758765,0.6794010551851357,0,1,23.869186787137362,73,90,0,17,0,1.4503236971489337,2.4156234150210407,1.0590031508524995,0.008937231839469373
4,Janitor Fred Murphy,55,74,170,stranger,0.6716436026487095,1,8.754809646739377,3.0931740772304255,0,0,36.23728678838316,82,95,0,13,0,1.778720319490548,3.07765124217994,1.314207205127199,1.4155709775437133
4,Janitor Fred Murphy,53,75,171,stranger,0.303545493189507,1,5.5848229002377145,1.1852666028474466,0,0,19.375166850794052,98,108,0,10,0,0.7781520027461497,3.283167229970349,0.9043809315770468,1.5814353041145046
4,Janitor Fred Murphy,55,74,174,stranger,0.6246175416394522,1,3.6521699572817643,2.6314324135905345,0,1,17.380822197706905,-39,-7,0,32,0,4.417881327514129,3.546097174229645,0.4426625725497919,1.139599056251535
4,Janitor Fred Murphy,55,76,171,stranger,0.6603991241204933,1,3.9618750065358643,1.1939515448380635,0,0,14.302986704988259,-28,17,1,45,1,3.4086824102074265,0.637169939461637,3.0043596257088394,3.1213499868442574
4,Janitor Fred Murphy,55,74,167,colleague,0.6830714377995717,1,7.756277740947255,0.7567414710912996,0,1,28.955318244380297,-116,-85,0,31,0,2.148325256125574,2.9854341126021575,0.03211556179310415,1.9207720544775313
4,Janitor Fred Murphy,52,75,169,stranger,0.5470452641025058,1,7.375491433348052,1.121161412423854,1,1,14.223575590543424,36,73,0,37,0,0.9920622957457909,3.532304494929199,3.2398098737914824,2.8045798161761972
4,Janitor Fred Murphy,53,74,175,stranger,0.5515631635024463,1,3.892356599690803,0.7227671354545266,0,1,11.726208720493624,-100,-89,0,11,0,3.0823367908464183,0.45467715205066317,0.20382146180727023,1.629188761859273
4,Janitor Fred Murphy,53,74,171,stranger,0.4704303427910662,1,3.368098341369496,2.5624369670692007,1,1,17.725165112461582,-39,-3,0,36,0,1.23484318404797,4.475531170053645,0.7270064962175229,0.0021437124052829937
4,Janitor Fred Murphy,54,74,170,stranger,0.4888232656722049,1,8.45089184969016,0.6045701994407557,1,0,17.72534349337127,-70,-54,0,16,0,3.3447377016269257,3.4148075637134987,3.0818545777193984,0.521232346630446
4,Janitor Fred Murphy,54,76,175,friend,0.5115448254487329,1,5.229553710144112,3.901490059909833,1,1,36.05178299339707,-97,-49,0,48,0,0.6017717361837227,2.9328072804335568,3.6487073267710617,2.6174206381264074
4,Janitor Fred Murphy,55,74,167,colleague,0.6767272011833757,1,6.714062214325278,1.8088585015543095,0,0,23.67451440712013,-110,-92,0,18,0,0.9585336379040982,2.7524784099907844,1.0101020303841426,3.508301370124672
4,Janitor Fred Murphy,56,75,171,colleague,0.4793928880389471,1,7.303955247287256,5.465095077579875,1,1,37.59663144749066,3,14,0,11,0,0.8346756398362537,1.3707432037855023,3.8699477651397656,1.1586254252626067
4,Janitor Fred Murphy,52,76,169,stranger,0.5962860787347957,1,5.384962968305911,4.108165675363086,0,0,10.793137701757793,58,92,0,34,0,2.8124929509823087,1.9512345046121238,2.428873517259782,0.8276983852406246
4,Janitor Fred Murphy,56,74,175,stranger,0.578688699033443,1,8.274930101422695,4.743881263410851,0,0,23.37756208374509,-46,-22,0,24,0,1.481818434158515,1.3425732609685852,0.4764135828944771,0.8957178010229008
4,Janitor Fred Murphy,54,74,176,stranger,0.35925579053773277,1,8.301614833373867,5.56348774431518,1,0,27.48445935026428,-61,-38,0,23,0,2.672974620617361,0.0069998073818344775,1.3898475954736136,2.420638143188316
4,Janitor Fred Murphy,52,76,174,colleague,0.4056152722897517,1,3.80166960097892,5.390014556563587,1,0,26.908435661772454,-122,-90,0,32,0,1.096397963556523,4.826137322175868,0.7069409565921783,3.8864188198935534
4,Janitor Fred Murphy,56,74,172,stranger,0.6782625217849753,1,4.5440710128855315,3.7573778465824814,0,1,20.476471131461608,-59,-36,0,23,0,2.908318997539604,4.0386648050778104,3.011590790613395,0.6225659086124868
4,Janitor Fred Murphy,55,75,168,stranger,0.6608672573536839,1,3.5621463729125784,1.0890812632168876,1,0,11.610097251370767,5,26,0,21,0,3.2378213585184605,0.10523651950658186,0.6516745950357032,0.7109370773285386
4,Janitor Fred Murphy,56,74,167,colleague,0.35740894398703776,1,5.558370183941149,2.7301449586062603,0,1,30.350742291191587,-92,-82,0,10,0,3.0164675824243554,1.889375648796206,0.08286366194592443,3.306248993085386
4,Janitor Fred Murphy,52,74,169,colleague,0.6080470504867898,1,4.605938858209652,5.6315903497063085,0,0,5.328866046045862,55,99,0,44,0,3.680657551372623,1.6919495855540112,2.829823019652521,0.8092865687379267
4,Janitor Fred Murphy,56,75,168,friend,0.42295399705098957,1,5.873450301044285,1.4628531510774267,0,1,24.02645170172783,-119,-107,0,12,0,0.5140765586734597,1.4836924561323999,2.046169665052201,3.3459335391308267
4,Janitor Fred Murphy,53,74,169,acquaintance,0.4708541732590885,1,3.8842590609182372,3.9321875849446446,1,0,18.46603325781837,98,115,0,17,0,2.4591028753503803,4.953840267290758,0.8980898291390016,3.82586595284489
4,Janitor Fred Murphy,52,76,171,friend,0.3473403881802961,1,8.539917644472519,5.519241619920923,0,0,11.232372187092857,-5,43,1,48,1,2.126222742729635,4.465587760033957,2.7486428708304094,2.4990330880153935
4,Janitor Fred Murphy,52,75,173,stranger,0.5646926861080899,1,8.597291004601164,4.864316489114671,0,1,5.07625676810733,92,111,0,19,0,1.6012800167419083,1.9529978724828134,2.8853738545432903,3.142184376011468
4,Janitor Fred Murphy,52,74,175,stranger,0.4709812639939347,1,7.360246372750825,0.868006918897346,0,1,31.863739479151434,-50,-9,0,41,0,2.119160349715074,3.4671041731852617,1.6557773829025955,3.1740063618601613
4,Janitor Fred Murphy,53,75,172,friend,0.5197357043537565,1,6.232483440657138,2.9556084364268673,0,1,7.926620247466396,46,89,0,43,0,2.889382197580954,3.467494763854596,2.9931339984933727,2.8123732533231443
4,Janitor Fred Murphy,52,74,166,acquaintance,0.444959376926346,1,5.843558100951423,0.8015560770438954,1,0,17.630048764543993,94,112,0,18,0,1.473486440643235,0.7207012115140382,3.413248823627841,3.8872784057659433
4,Janitor Fred Murphy,53,74,169,acquaintance,0.32234626635013625,1,3.8268078767017633,5.7723119122884,0,1,5.922140884133342,-31,-18,0,13,0,3.5070088172707643,3.313736601978804,0.2950811826237012,3.3497487781621706
4,Janitor Fred Murphy,52,74,171,colleague,0.35651099705396083,1,4.470274824368892,0.07486620109601949,0,1,31.78961963493271,-7,11,1,18,0,3.4928196277009604,1.4975384797969644,1.6460899329947654,1.3493479622594604
4,Janitor Fred Murphy,52,75,167,stranger,0.36235493439436195,1,8.286942853441282,0.19271464366496738,0,0,5.380365169597221,76,115,0,39,0,2.7707796063798202,4.147591153459786,3.676600920321498,2.007489749969064
4,Janitor Fred Murphy,55,74,170,friend,0.6892489316819206,1,6.129006268571032,5.867557702261494,1,1,26.66653161466039,-82,-61,0,21,0,4.112524827793082,4.8799369692539525,2.4203336191687876,0.3088369612860329
4,Janitor Fred Murphy,55,75,176,colleague,0.5567563337239618,1,7.963522078713926,0.9889461571576437,0,0,11.815570626014356,-120,-106,0,14,0,1.8135081456299929,3.89398630137031,1.3418866404309528,0.9581196690263427
4,Janitor Fred Murphy,52,74,169,colleague,0.5388443023293524,1,7.539128642217234,1.854720675397387,0,0,6.132837708381789,-80,-34,0,46,0,2.8239840658334843,2.8186966101264193,3.1609028125943834,0.1827224507346421
4,Janitor Fred Murphy,54,74,171,stranger,0.6006717720103328,1,8.75243413738026,3.0012964991428124,0,1,17.45430524710399,-95,-79,0,16,0,1.6565909388395605,4.48255590131325,2.0143136114180944,2.0087084712831476
4,Janitor Fred Murphy,52,76,172,stranger,0.49078121360051086,1,8.212874107898493,0.22444972202715485,1,0,7.756350085006173,12,36,0,24,0,4.422010340379447,4.037380169386406,2.6168805998820845,3.0753028606937685
4,Janitor Fred Murphy,56,76,175,colleague,0.5605579660036775,1,8.581363220600913,2.0484917363888115,0,1,17.611072449546132,99,136,0,37,0,0.20006451348513088,3.5638124039089303,2.731493901837893,0.9564425113445707
4,Janitor Fred Murphy,56,74,168,colleague,0.5267603445881296,1,8.966427169629462,0.5844362588849561,1,0,15.833980844540607,97,112,0,15,0,2.494561303187683,2.274039287631165,0.6788705567734232,1.1824327159366752
4,Janitor Fred Murphy,56,75,171,acquaintance,0.33569169661740633,1,4.075117515503839,4.63164306256508,1,1,13.960920622275191,88,106,0,18,0,4.6991473482536605,4.858403227058553,1.9530359816429805,1.4538884418905749
4,Janitor Fred Murphy,55,76,176,colleague,0.351593695404612,1,5.200393595359292,5.069013861922856,0,1,28.87703138933925,-7,19,1,26,0,4.956240753924682,0.21337787138721753,3.909726549502217,0.2282347005916403
4,Janitor Fred Murphy,56,74,168,colleague,0.64122391374498,1,4.743963601104394,0.949234824037569,0,1,18.58780496266157,-11,4,1,15,1,2.3424434901209352,2.675578776751701,3.2731589813486632,0.43647620337672643
4,Janitor Fred Murphy,52,75,172,stranger,0.37978839993929997,1,4.972323822877028,1.903709173608878,0,1,29.580179348177957,-26,1,1,27,1,2.7254061086379404,4.742668400331123,0.5820552003448123,0.853880563979942
4,Janitor Fred Murphy,56,75,166,acquaintance,0.6745838666216539,1,5.168956553469261,2.5806584348631274,0,1,35.380721060954,65,102,0,37,0,1.3492405508485166,3.178436464671255,0.3343651336949436,0.27703619819597325
4,Janitor Fred Murphy,54,76,173,colleague,0.6485156518808658,1,6.1486676580058734,4.017866398084464,1,0,8.235444101121129,93,124,0,31,0,4.816828845187129,1.484524911810952,0.7944212361954524,3.7677665775746427
4,Janitor Fred Murphy,56,76,168,stranger,0.6862359335919919,1,5.6207039216768315,5.475586907248263,0,0,24.631795491334294,97,119,0,22,0,0.389043566686052,3.3398124418589976,2.4660494966690907,1.294930299045531
4,Janitor Fred Murphy,54,74,168,stranger,0.6586004449685188,1,8.602916396296916,2.996674010051847,0,0,28.588085876580568,-67,-57,0,10,0,4.941193031167945,4.716618725378469,3.429068271092093,2.5371722116866304
4,Janitor Fred Murphy,56,74,166,colleague,0.3874491087964401,1,8.874191933318539,2.5210566534003354,0,1,18.21448000196222,-55,-33,0,22,0,4.858722525821188,2.884182146009224,0.057484071560395034,3.255117397421433
4,Janitor Fred Murphy,54,76,167,stranger,0.5797268584344704,1,6.893470063763029,2.7359849101627045,0,1,23.986345566099295,7,38,0,31,0,0.566899997232439,0.8790690250256494,1.7135344556904282,0.7075806424842348
5,Secretary Diana Lee,38,64,170,colleague,0.4140111739787209,1,6.957633630419552,4.08169101644279,0,0,37.82655367538143,108,124,0,16,0,4.9768161061264635,4.029698812858556,0.4152481582652907,2.5984983449109342
5,Secretary Diana Lee,37,63,171,colleague,0.5999774716845951,1,6.74295414658914,3.268402446793112,0,0,33.20547257469776,29,65,0,36,0,1.059355632323003,3.8844012638416094,2.2063516491973347,0.4580044208633969
5,Secretary Diana Lee,34,64,171,colleague,0.46517389687297805,1,7.922507851341042,4.2230097406194425,0,1,18.112533035701972,-77,-49,0,28,0,1.338045704350142,3.293409208375926,1.2295867454553893,3.6106922565441786
5,Secretary Diana Lee,35,63,170,colleague,0.3130698442921938,1,3.157480902375669,4.743060769486683,0,0,30.943590074763435,-59,-39,0,20,0,4.795802964724133,4.964145624265807,0.9673244522732367,3.8939612922478433
5,Secretary Diana Lee,37,63,173,colleague,0.47164097764751445,1,8.636350287628478,2.3424701829562617,0,1,16.134373121743632,-97,-73,0,24,0,0.49788961969408574,4.005859871444489,2.017028186272762,2.52576427390974
5,Secretary Diana Lee,36,65,166,friend,0.6794801215005059,1,4.222575460072804,0.55959244187058,0,0,25.765086713110666,-124,-80,0,44,0,4.602971970006819,0.3938625220877612,1.5296193964865763,2.9693584958961354
5,Secretary Diana Lee,37,65,174,colleague,0.6110358993951122,1,4.119331027852977,3.9151363178153,1,1,34.41598775672841,59,93,0,34,0,3.8519579269170654,3.296288477322044,1.099859299748044,3.739903573506162
5,Secretary Diana Lee,38,63,165,colleague,0.4836510894513101,1,6.575366651535823,0.6424599204287846,1,0,8.247199935528261,3,36,0,33,0,4.563595646557058,1.0398622747808772,0.40268687877169107,3.1817658252107193
5,Secretary Diana Lee,37,65,165,colleague,0.3841183891515028,1,5.519442709174202,5.338281123947423,0,1,10.638627568581885,-74,-53,0,21,0,3.2983319672679094,3.1560670065378718,3.4192357072666426,0.4688285582040508
5,Secretary Diana Lee,36,64,173,colleague,0.5399971471622073,1,3.0300873290771957,3.130491334573782,1,1,26.21387709702874,-13,30,1,43,0,0.7617300829405532,4.334371289793053,0.4591538279823175,0.8678311416357043
5,Secretary Diana Lee,35,63,166,colleague,0.40703621290226716,1,5.889449232782611,5.719376165805898,0,0,15.301230708856366,65,106,0,41,0,2.180309948051592,4.731728374955883,3.6893923936204382,1.000372593789086
5,Secretary Diana Lee,36,64,165,colleague,0.5334593021665609,1,7.598693203370819,1.8695107772493262,0,0,22.074112632658395,90,127,0,37,0,2.9816489199951017,1.3583696192462813,1.2749947495135951,0.4302364470748796
5,Secretary Diana Lee,35,65,169,colleague,0.449584194713517,1,6.796190805107729,0.38559751731470415,1,1,22.89748835457286,13,41,0,28,0,3.01941047708267,4.386260459016932,3.80151232973174,2.121992747552792
5,Secretary Diana Lee,34,63,169,colleague,0.4717547201838981,1,4.115489349860453,1.4719088706064372,1,1,10.076388659201632,-67,-57,0,10,0,1.5929457056631302,0.05450512158880427,1.315477556400669,1.8615065088113916
5,Secretary Diana Lee,35,65,165,colleague,0.45423635328893136,1,6.610811466522895,3.1635741688667274,1,1,26.276653096970072,101,115,0,14,0,2.869741987163723,3.231350571727385,2.7285276876747964,1.7408222650820995
5,Secretary Diana Lee,35,63,164,colleague,0.6210900768456884,1,5.991905810540549,5.9415582988149875,0,1,10.989890516177367,-49,-15,0,34,0,1.1821095860158581,0.10634348858285347,0.07134519945581541,3.1332225458652694
5,Secretary Diana Lee,34,64,168,colleague,0.35242322040093793,1,8.80112132740665,0.22204917203617902,0,0,16.808645409100862,-144,-104,0,40,0,0.4755990888867606,4.012566410566824,2.8930146783887825,1.0986941849347844
5,Secretary Diana Lee,37,63,172,colleague,0.6098453739678105,1,5.962911603405504,0.28243662685129745,1,0,22.266781849440413,44,61,0,17,0,4.215378216427046,4.688518778159358,0.41097444383168735,0.8960574283550451
5,Secretary Diana Lee,35,63,169,friend,0.6445555081593957,1,7.345520158217063,1.3580475376631969,1,0,33.429869695833204,86,130,0,44,0,4.947825148885747,4.670551780173229,3.472059489860862,1.0387507642304699
5,Secretary Diana Lee,34,63,168,colleague,0.3300168700925324,1,4.975973845478367,3.6765037979913275,0,1,10.961852054074736,-97,-58,0,39,0,0.599507098134186,1.5966634028365796,0.5920059309314136,2.336521204942417
5,Secretary Diana Lee,37,65,171,colleague,0.5672941002916494,1,6.130582207184535,1.4431406815894567,0,1,14.818956041834483,70,110,0,40,0,1.129152591966069,1.3190601679012914,1.1849367532545738,0.33117709615855473
5,Secretary Diana Lee,35,65,174,colleague,0.5941073115344746,1,4.235347406341064,0.46810037233580926,0,1,5.459483738746221,-81,-47,0,34,0,0.9395871493088293,0.5226735897529922,0.834645832002026,2.362092398452834
5,Secretary Diana Lee,36,64,171,friend,0.56211573527455,1,8.086841874026272,0.633962850904104,1,0,18.495151207799196,-8,41,1,49,0,3.900105297573093,0.9397673632442693,1.111353737804114,0.6567852999647257
5,Secretary Diana Lee,38,65,165,friend,0.3589158936171356,1,8.257177417300941,4.470155959287249,1,0,11.546041811529424,-128,-85,0,43,0,2.2632045802457936,1.3278936266275565,3.707710878560074,0.3362670646437058
5,Secretary Diana Lee,35,64,172,colleague,0.472339369380256,1,5.002437027684914,2.6480435850883515,0,1,18.388288509995164,100,122,0,22,0,1.4700294729117163,2.0134605160595886,2.3761966608740597,2.11825101397777
5,Secretary Diana Lee,37,63,174,colleague,0.31994857980711716,1,4.493665469838904,0.666496763508607,1,0,25.13306762513696,-87,-43,0,44,0,0.505159954557548,1.1323250786438688,2.4808829635236345,2.8632932723927316
5,Secretary Diana Lee,34,63,168,friend,0.4980686640909474,1,4.0261747145233,1.2214528775647182,0,0,15.079252128942901,-147,-126,0,21,0,2.516200762531997,3.5023561351790407,1.9070333164659363,1.2212967530657033
5,Secretary Diana Lee,35,63,169,colleague,0.572576993910833,1,3.9998727226560296,1.992931897932405,0,0,28.31109826722014,-31,-20,0,11,0,0.8875752603400816,1.319160941290018,0.3079082718707653,2.7168117690164073
5,Secretary Diana Lee,38,64,171,colleague,0.5332635432511761,1,5.9298440459319295,1.485062575604092,1,0,24.854335552466054,-50,-26,0,24,0,2.6263459214250173,0.836523687652963,0.5863318376319571,0.37564039528347415
5,Secretary Diana Lee,36,64,171,colleague,0.5939260016405017,1,8.938758710580247,1.5440370737049811,0,1,5.474636882329223,-51,-20,0,31,0,4.4568620815065145,3.8726314777112387,3.4278246422150054,3.608667309394393
5,Secretary Diana Lee,34,64,174,colleague,0.5077235601193175,1,6.838801861735908,0.8874023249136251,0,1,39.79304723409682,-44,-33,0,11,0,1.221839024781592,3.705062147073674,3.8931623527622374,1.437679714152441
5,Secretary Diana Lee,35,64,174,friend,0.34317266334728314,1,4.64354332732308,3.761350244826146,0,0,39.556608300959425,90,111,0,21,0,1.3265466656657803,3.395331812979469,3.5519796112536093,1.5641049024208735
5,Secretary Diana Lee,36,64,167,friend,0.31643999093626984,1,6.120466397784753,2.0596466586368485,0,1,20.925968586155655,77,109,0,32,0,1.4420426677983467,4.847349450302678,1.995708075977356,2.742106799695822
5,Secretary Diana Lee,35,65,168,colleague,0.5495180534068966,1,6.985921926614947,1.8218735972117541,1,0,5.545733987428519,-134,-106,0,28,0,4.127353004853115,0.617178829505789,1.9534657688683716,0.020360989282215414
5,Secretary Diana Lee,34,63,168,colleague,0.35508751377528375,1,8.27233257665927,4.7115797933493795,0,0,24.62621901501935,-106,-79,0,27,0,0.7132212816146855,3.665265671786942,1.7282031352885014,3.673039349338947
5,Secretary Diana Lee,34,64,169,colleague,0.3994914019456776,1,7.071001662479846,2.317445013935713,0,0,36.2561774190078,94,142,0,48,0,1.5536790033169823,2.819538058184693,2.715692844269645,1.289919608961947
5,Secretary Diana Lee,35,64,166,friend,0.4665249215194099,1,4.19713905309419,1.829976577412989,1,0,21.140403405607294,-92,-55,0,37,0,0.4802114940661889,2.6328569815271097,2.776533553399457,2.0152606944704
5,Secretary Diana Lee,36,64,169,friend,0.4710676683978812,1,5.523033989732575,2.4615517464854113,1,0,38.51221138117417,-41,-23,0,18,0,3.076042752968102,1.5119499261167673,0.9705826217032198,2.048827182445262
5,Secretary Diana Lee,38,65,168,friend,0.32141441033880463,1,8.070644053488643,0.7556150437716598,0,1,31.70484312342018,-4,9,1,13,1,1.3508742239286853,4.93086761422008,0.4281956652844978,2.3773587375104146
5,Secretary Diana Lee,38,64,169,friend,0.6457256497766517,1,3.7286560866448104,3.5077049139624683,0,0,29.555043296346483,-14,31,1,45,0,2.476523262873394,1.1177179178242507,2.7027230453392304,3.4090227828852977
5,Secretary Diana Lee,36,65,164,colleague,0.6222467377333496,1,6.741983533849181,1.2041992447395111,1,1,35.79646720913205,-14,11,1,25,1,2.368712016368522,4.1636322627143745,1.7752634999368753,0.2226126469982992
5,Secretary Diana Lee,37,64,166,colleague,0.6281083829251761,1,8.050324820625557,3.2803154853107714,0,0,35.075986072686135,10,47,0,37,0,0.7312318547143476,0.1082893902364318,0.5667447393700509,2.9783939617116855
5,Secretary Diana Lee,38,65,172,colleague,0.3801404162530851,1,5.882798788996168,1.7366942018658904,1,0,17.856879259418605,-68,-34,0,34,0,3.4882635176127845,0.5366791957603279,1.6675858740059613,1.6993318244268454
5,Secretary Diana Lee,37,63,173,friend,0.4557717591852535,1,6.4832284436864365,0.20450125538299901,0,0,20.556778434605246,111,143,0,32,0,4.813982626024765,2.3395355374524063,2.8922610717520167,1.107616156611444
5,Secretary Diana Lee,36,65,172,colleague,0.38431205555449144,1,8.415303142647055,3.1503338988404415,0,1,10.299095007146484,40,86,0,46,0,1.6964553840265322,3.5759116656580527,3.146787468792179,1.1133605773735322
5,Secretary Diana Lee,36,64,165,colleague,0.6664640094021722,1,6.870804033446818,2.259136406893507,0,0,25.16136340646078,103,146,0,43,0,1.2961300883226827,3.4888435275881218,2.3554083989618597,2.3228988751201394
5,Secretary Diana Lee,37,63,164,colleague,0.31180873767146816,1,7.397265009247348,1.3902258618119554,0,1,28.776279663104226,-44,-20,0,24,0,4.9066419814431415,4.042777416008273,2.9305882094980755,0.9464687438437878
5,Secretary Diana Lee,35,65,170,colleague,0.6023255496422044,1,5.520336937414518,0.3862194148567304,0,1,34.638064848242124,-118,-85,0,33,0,3.032666505548881,4.203396775925884,3.694203381957627,1.284636858333975
5,Secretary Diana Lee,37,63,174,colleague,0.5295118646516448,1,4.1984065709584035,1.5149696539835487,0,1,12.041745975430208,-96,-53,0,43,0,4.043361089751281,0.9614790635562798,2.328431785829158,2.516462652678261
5,Secretary Diana Lee,35,63,166,colleague,0.6573164045966753,1,5.157366012381866,2.4481642202270786,0,1,11.485652468224183,66,109,0,43,0,2.4808773469230867,4.162014544288619,2.281480277406446,1.8949314803138457
5,Secretary Diana Lee,38,65,166,colleague,0.6206383558128914,1,5.633268375434506,3.752824204092542,0,0,9.451733435567894,-9,7,1,16,1,1.1528675277337057,3.0074479259750997,1.323679179624989,0.8960848993458685
5,Secretary Diana Lee,36,64,169,colleague,0.32718112728727616,1,8.228840015435054,5.80868890679191,1,0,34.861832582366404,107,149,0,42,0,1.5611966103024648,3.093224579716034,2.18376647524589,3.567233506169154
5,Secretary Diana Lee,36,65,164,colleague,0.31290989022864474,1,5.528434183934976,1.2030675411764338,0,1,12.14816577097816,82,113,0,31,0,4.620871311327247,3.3166806367158714,3.513080717990652,0.9424688069091771
5,Secretary Diana Lee,38,65,164,colleague,0.4383382290037156,1,3.424578575040748,2.4974410503274624,0,0,36.0631521739057,2,20,0,18,0,1.3525420324254696,0.20870488524664998,0.14240033914437022,2.0304170616044113
5,Secretary Diana Lee,37,64,168,friend,0.6126167352492615,1,8.258698804891065,1.3665308216859362,0,1,32.363789628429046,-83,-35,0,48,0,4.301472357637747,3.409706081583912,2.9516942804484025,2.209983840053479
5,Secretary Diana Lee,37,65,166,colleague,0.4718874594609075,1,5.561001489291113,0.8266225806884406,0,0,39.388709490182215,-45,-23,0,22,0,1.7156281857388027,4.590342941057775,0.9526808331022685,0.36796324219159704
5,Secretary Diana Lee,37,65,172,colleague,0.527219444649755,1,8.945632419069131,0.0893913599814089,0,0,7.681408651045789,-104,-83,0,21,0,1.4129798875644588,1.5706294160212375,2.409664054370193,3.5616988016439777
5,Secretary Diana Lee,35,65,170,friend,0.49148054616922976,1,3.7342581446434684,0.46082300289174327,1,0,22.32252381506511,64,96,0,32,0,4.488200877424362,4.293800786893341,1.7741673503259974,1.2108756584354334
5,Secretary Diana Lee,38,64,174,colleague,0.39768231668127824,1,8.357870858946528,1.913153694470451,0,1,17.132240843138753,-23,26,1,49,1,0.3922303841842312,4.560246062916945,3.365701406477046,2.0839797923128582
5,Secretary Diana Lee,38,63,165,friend,0.4489559940246068,1,7.898278256711665,0.8517673925698248,0,0,27.746783023675672,-4,13,1,17,1,4.1816260305701265,1.3514928623276696,2.3529606277995305,1.201651389216746
6,Security Guard Tom Johnson,37,72,220,stranger,0.5151808779582921,1,0.5245030211031784,3.4488969028849916,1,1,88.82588180785352,-6,5,1,11,1,3.0649838753381315,2.6510061417733892,1.5689904673147215,1.989888542492892
6,Security Guard Tom Johnson,39,71,220,stranger,0.6263434221442848,1,0.9370837859772763,3.433088298995081,1,1,82.62526052638587,-12,14,1,26,1,3.2430610423397424,3.164355729288406,1.0410177075223368,2.088679423509979
6,Security Guard Tom Johnson,37,71,219,colleague,0.5164331688414668,1,1.4376861327306516,4.1452051061275625,0,1,84.77969524915655,-6,11,1,17,1,2.325097739105001,1.953227588298404,1.8524545815104136,1.7783692917984057
6,Security Guard Tom Johnson,38,71,211,stranger,0.4561400261515214,1,7.730394928186155,1.5487856430640348,1,0,10.91649835370963,-85,-24,0,61,0,2.3060622186997457,1.5431278587579604,0.537494699049442,0.5010265526537043
6,Security Guard Tom Johnson,39,73,221,friend,0.4641978782951829,1,6.0580701782582,1.3575687921614747,0,1,14.328790014535748,-49,-29,0,20,0,1.1590937864250788,1.79408856645716,0.81722177652396,1.1591406455462314
6,Security Guard Tom Johnson,37,72,213,friend,0.45160139168199426,1,8.146942832355032,1.5190816055097485,0,1,8.489906362727549,-91,-32,0,59,0,2.0134383717264273,0.8806177613122868,1.3092016583457853,0.3685109866327252
6,Security Guard Tom Johnson,41,73,214,acquaintance,0.4121625735636112,1,7.858198255061243,1.5181095000398506,0,0,22.149806149215596,-8,6,1,14,0,1.8876253681359076,1.0220710348703,0.6994593010718149,0.15495828549471402
6,Security Guard Tom Johnson,39,73,216,stranger,0.5658275705914094,1,7.724065047978451,1.1427863484902236,0,1,5.49389203288265,-68,-7,0,61,0,2.9470024003693913,1.2438327376716942,1.303956424813205,0.9413700691234996
6,Security Guard Tom Johnson,37,72,213,stranger,0.5823745319116524,1,5.102141145057443,2.218076291851396,1,0,20.61747502417019,-76,-5,0,71,0,1.0651990571179886,1.4525195233534973,0.4297374394363118,1.6614535388750769
6,Security Guard Tom Johnson,37,71,214,stranger,0.5130804769746897,1,8.991251873208261,2.260648750487462,0,0,7.424847460924844,24,100,0,76,0,1.6338787118968772,0.3900471901298901,1.3183955181307803,1.04067199589338
6,Security Guard Tom Johnson,38,72,214,stranger,0.5598011907452991,1,8.909899036942868,1.461781404254156,0,0,18.86146265879966,18,86,0,68,0,1.152887536803417,0.7245939918358613,0.15938014316535898,1.1209142581469334
6,Security Guard Tom Johnson,38,72,217,stranger,0.44595266069373823,1,8.311284417712208,2.9734899420333094,1,1,23.185314745846007,-43,-27,0,16,0,1.2359280449376397,0.8170055809769419,1.591711897952634,0.6831436054981401
6,Security Guard Tom Johnson,38,73,218,stranger,0.5265259532353896,1,8.090579903069264,2.7997449365245655,1,1,7.415776911173104,-13,27,1,40,0,1.0681513374128722,0.8628397289504328,1.4857079848795438,0.2527959029295861
6,Security Guard Tom Johnson,37,71,219,stranger,0.5733759977360213,1,8.67449201310021,2.8085207853072687,0,1,16.13881561777516,-77,-17,0,60,0,2.4443591690843953,0.1475050857476654,1.2175148817394612,0.2155435829480603
6,Security Guard Tom Johnson,40,72,221,colleague,0.4899507429312132,1,8.33921868907482,1.5785822832235703,0,1,8.669015575007714,34,105,0,71,0,2.1871065734781068,0.7397478174255354,0.16757898259544945,1.7911983431545457
6,Security Guard Tom Johnson,40,72,218,stranger,0.4353444524238515,1,7.890132742764976,1.558599173199655,0,1,14.865869334506572,-14,21,1,35,0,1.6456001458178124,0.6371566021040114,1.6881308544880682,0.8533790601083218
6,Security Guard Tom Johnson,38,71,214,friend,0.4861075304733738,1,6.113024907563263,2.7591674866598472,0,1,8.311850744269949,-15,19,1,34,1,1.518858030271613,1.2123403661469936,0.33864154351471076,1.8784097569837133
6,Security Guard Tom Johnson,38,73,215,colleague,0.42820062502619033,1,5.827372448210818,2.677579991649064,0,1,23.050826048813022,-96,-35,0,61,0,1.739081117557599,0.563675045099943,0.9767317895964456,1.6447964165475562
6,Security Guard Tom Johnson,40,73,218,stranger,0.5041787790152114,1,8.324151261265557,1.5898831623493908,0,0,21.894882488241876,-87,-33,0,54,0,2.463267485331231,0.2329252804583246,1.7290055027129951,1.986154500819045
6,Security Guard Tom Johnson,37,73,214,colleague,0.5454723180448269,1,6.308462862870908,2.014120345344203,0,0,15.256882261049967,15,44,0,29,0,2.5883947986557603,0.6350543974399367,0.8667552486127434,1.8647360012695742
6,Security Guard Tom Johnson,37,73,221,acquaintance,0.40159411765026115,1,5.547498690675001,1.7524181138294161,1,0,10.305720935779126,-25,28,1,53,0,1.1774234168355577,1.0326124557429073,0.2635838567997957,1.2695454489568463
6,Security Guard Tom Johnson,38,71,217,acquaintance,0.41345225347681513,1,7.230948645210779,1.4170939432083145,0,1,10.261476280298563,-12,12,1,24,0,1.3601286691112764,0.6002011424406148,0.9684661258825829,1.313881933008659
6,Security Guard Tom Johnson,39,73,218,acquaintance,0.4980443951439055,1,7.5201099929872175,2.1956842147876,0,1,9.378610568101317,29,76,0,47,0,1.4947925159695474,0.8497305678698297,0.8391880537474474,0.8943458247988976
6,Security Guard Tom Johnson,39,73,212,stranger,0.4695157150879034,1,6.59235723927077,1.2561157312047746,1,0,22.280184550460334,-117,-26,0,91,0,2.701976698381124,0.8180116424084194,0.5358477310461909,0.4302123470576198
6,Security Guard Tom Johnson,39,72,221,colleague,0.4635236716437773,1,6.565513575346188,1.8839030925214182,0,0,10.36634467326185,-115,-26,0,89,0,2.7512439514180294,1.0720261962145687,0.8952726931841901,0.4426200922206891
6,Security Guard Tom Johnson,37,73,220,acquaintance,0.4659368353027334,1,7.419844822280625,1.039839833233931,0,0,6.805054214661348,29,110,0,81,0,1.4209267849042675,1.0709453254705639,0.1269295611222323,0.09843041775597627
6,Security Guard Tom Johnson,41,72,214,stranger,0.4580374968071064,1,5.6456167075232795,1.747759898476334,0,0,9.974074950816302,-30,29,1,59,0,1.969799891744333,0.3138910127146499,0.205041460715224,0.7958748160502829
6,Security Guard Tom Johnson,38,73,214,acquaintance,0.40675560276576617,1,7.999661568511808,2.62599168396076,0,1,21.365917733389992,7,49,0,42,0,2.465277663102448,0.04030835650476483,1.0090193260030875,1.40697848442772
6,Security Guard Tom Johnson,41,73,213,acquaintance,0.41911133488397806,1,7.352783167142272,1.7822477995497594,1,0,20.695435154993344,14,75,0,61,0,2.938524777532379,1.152402363291388,0.9178112775484724,0.19935843742296022
6,Security Guard Tom Johnson,40,71,214,stranger,0.5933772659396093,1,7.243985035376486,1.9666990382138339,1,0,9.892280754805853,-15,28,1,43,0,1.2166085906665078,0.44812172022282293,0.7454753333732542,1.0931628303912093
6,Security Guard Tom Johnson,40,71,218,friend,0.47396432530404076,1,7.25261307087387,2.2856371300013336,0,0,24.516348553245447,-25,11,1,36,0,1.2826611310719709,1.2329769408415316,0.9796229242296446,0.499938116727602
6,Security Guard Tom Johnson,41,71,211,stranger,0.5534816957912113,1,6.0080953959184455,1.6229099145607817,0,1,11.428859634548068,-120,-27,0,93,0,2.5893915815461708,1.091177470979325,1.3807946772757793,1.5100758606554492
6,Security Guard Tom Johnson,38,72,218,stranger,0.5417736343786066,1,7.057724462592818,2.71730582028158,1,1,7.100877527252141,-119,-30,0,89,0,1.3947352236151882,1.739498346625511,1.0398780367992633,0.24295537421400804
6,Security Guard Tom Johnson,40,72,213,stranger,0.5252329823421741,1,7.098356380677026,1.2797307781725142,1,1,5.185170515887592,-21,28,1,49,0,2.23020097448744,0.7432636255593654,1.3533663194046561,1.0449602055905183
6,Security Guard Tom Johnson,38,72,219,colleague,0.5370047751135555,1,8.21125491303205,2.9039907263886153,0,0,14.442200729680085,-20,28,1,48,0,2.048756908105037,1.6588160317222835,1.7047923494553812,0.2706784928476542
6,Security Guard Tom Johnson,40,71,213,stranger,0.49409868727184536,1,8.973241268902306,1.0112048583006934,0,1,6.876956900616211,-41,-21,0,20,0,2.27268705605203,1.7666863683764562,1.188908922023371,0.13354400322515936
6,Security Guard Tom Johnson,37,71,215,acquaintance,0.45683751526587374,1,8.646042879465018,1.8523313043187317,0,1,20.339776784668615,-95,-33,0,62,0,1.4328829389808406,0.3566505203088761,1.1852782540384204,0.20595256582883104
6,Security Guard Tom Johnson,38,73,220,stranger,0.5289660256595229,1,6.531786064212328,2.15131142395703,1,0,24.333177776232297,-60,-29,0,31,0,2.9781744512385644,0.1826765377752051,0.33619877700017065,1.566729832169876
6,Security Guard Tom Johnson,38,71,213,stranger,0.4950928000727506,1,5.000987479786213,1.155574856638213,1,1,21.144687747908982,-82,-19,0,63,0,1.7864933219151131,1.547839244984535,1.520014854033239,0.4815457844755817
6,Security Guard Tom Johnson,39,72,219,colleague,0.4633943848769151,1,5.312798645594286,2.210761991771925,0,1,17.675397669316073,-26,18,1,44,0,2.370735170248744,1.1158101692760307,0.98018700920194,1.5779301114460682
6,Security Guard Tom Johnson,39,71,211,stranger,0.5732276877249586,1,8.421489252629158,2.5414895664161308,0,1,17.339483880966007,11,88,0,77,0,2.990876838723904,0.3916721707892501,0.7484117176980614,1.8663848898951483
6,Security Guard Tom Johnson,38,71,220,acquaintance,0.4620781396753364,1,5.376433936090492,1.737734852966772,0,0,17.13548828259525,-22,25,1,47,0,1.5060759078588162,1.250540823597118,0.08783477538433426,1.3909981504718136
6,Security Guard Tom Johnson,37,73,218,colleague,0.5994463154786024,1,7.528960330917856,1.9806009705926622,0,0,20.01172699713518,-117,-16,0,101,0,2.4723923381702253,1.7418264426431522,1.7885302709536322,0.30638350107728796
6,Security Guard Tom Johnson,40,71,211,stranger,0.4886756012402149,1,7.842363478610679,1.6284731044989147,1,1,22.051517396298404,15,80,0,65,0,2.9725405512280387,1.4442710719153429,1.7954729454116367,0.33842709520048997
6,Security Guard Tom Johnson,37,73,217,stranger,0.4832757455672572,1,7.670889844585692,1.1229668120288088,0,0,7.950278927230396,-25,19,1,44,1,1.8185030247713359,1.2705994210664693,1.2170580506128579,1.3774334118584666
6,Security Guard Tom Johnson,37,72,215,stranger,0.5121118774275255,1,5.470858286066427,1.932504558088977,1,1,23.60545701727351,-28,10,1,38,0,2.9315311911718154,1.5334451372822497,0.371317778788526,1.1822970602903504
6,Security Guard Tom Johnson,38,73,216,stranger,0.4920698196906968,1,8.508793554433488,2.8864746577550786,0,0,23.853148356300473,28,56,0,28,0,1.5741531130374078,0.5579267910186361,0.6209741242726936,0.7586209134148652
6,Security Guard Tom Johnson,40,71,214,stranger,0.45455988479192344,1,5.79689857891536,2.958556418045347,0,1,6.848241163773188,-19,16,1,35,0,2.3740797464807395,0.3409492825974685,1.0460854686747958,1.6590001528118015
6,Security Guard Tom Johnson,41,72,213,stranger,0.5075897567998041,1,5.842651188187469,2.4043749337472526,0,0,20.92542801628843,-8,21,1,29,0,2.02654491027309,0.42144397285899293,1.4862635701044653,0.537900225680433
6,Security Guard Tom Johnson,39,71,212,friend,0.5034059638654175,1,7.524454658819005,1.950419636664022,0,1,16.275388505743464,15,53,0,38,0,1.015796604137875,0.8428155254646528,1.258944159133496,1.7386582031998643
6,Security Guard Tom Johnson,37,71,216,stranger,0.46125512594393736,1,6.867364929520431,1.3723214529759462,0,0,14.128913520809226,-69,-20,0,49,0,1.7464295566222356,0.6757565212630865,1.6681928223906266,0.5051495391632981
6,Security Guard Tom Johnson,39,71,214,stranger,0.5526345982175387,1,8.603462097850038,2.01392151576065,0,0,24.079638805611133,-55,-30,0,25,0,2.9304712220673483,1.8856926638496734,1.84470719546948,1.7731904923446646
6,Security Guard Tom Johnson,41,71,213,stranger,0.5326812838511871,1,8.154277681109706,1.1076001967538167,0,0,7.829218924267534,-18,10,1,28,0,1.3441368684363713,0.6150535059031139,1.3172172031922789,0.40081307117573517
6,Security Guard Tom Johnson,38,72,212,acquaintance,0.5448268774818368,1,5.616551747462558,2.1106964624772724,0,1,8.186596087323405,-13,26,1,39,0,1.7525831584833114,0.926967974099876,0.42498375345517747,0.944611902064634
6,Security Guard Tom Johnson,37,72,213,stranger,0.4636713396952216,1,8.741049591705986,1.7997671182939474,0,1,18.494992215986862,-52,-33,0,19,0,2.9404513327245256,0.053792539562196096,0.6937343699978191,1.3397533556882903
6,Security Guard Tom Johnson,38,71,216,stranger,0.47245608767844877,1,7.00582372615451,1.0031830759430902,0,1,6.5453926690783,-15,11,1,26,1,1.768133068890049,0.35975129046606,0.6038758372575137,0.18570070474723943
6,Security Guard Tom Johnson,39,72,221,stranger,0.5642550028572262,1,5.139306642443522,2.91702549092497,0,1,18.646795528732024,-110,-24,0,86,0,2.72493295974245,1.6071005136805119,1.372131239364604,0.20281019294066116
6,Security Guard Tom Johnson,39,71,220,stranger,0.5013940861582611,1,7.74519459768212,1.0231773180684354,0,0,13.449141349101016,-17,13,1,30,0,2.8164217390160253,1.0041231717590289,0.23191683893853487,1.6142501801612732
6,Security Guard Tom Johnson,39,73,216,stranger,0.4223344278119426,1,5.7153582567195444,1.8481302489595357,0,0,6.600182227848055,-8,23,1,31,1,2.7444103875009622,0.8697760857424675,1.0297925742393002,1.2290402312223427
6,Security Guard Tom Johnson,37,71,218,stranger,0.492050143133259,1,5.200294044290958,2.1986564500091617,0,1,18.499925627729958,-86,-30,0,56,0,1.8935402978156886,0.5953666960594459,0.5864793711436593,0.8341204675662366
7,Lab Assistant Sarah Walters,27,63,153,stranger,0.5125074140390167,1,4.981072844886285,4.525700943560455,1,1,28.616107931904498,5,28,0,23,0,4.036158844199466,4.3740926315410125,4.851723393293486,5.7563253974669735
7,Lab Assistant Sarah Walters,31,64,160,colleague,0.31625639223020113,1,4.632942384958094,4.114862139822925,0,0,45.31191194095405,-45,-14,0,31,0,5.9407994611277966,3.236294597486542,5.78232165359127,5.247800997689053
7,Lab Assistant Sarah Walters,27,62,157,colleague,0.5886375834134084,1,6.713424573947689,4.237849842835664,0,0,44.84111986898698,20,44,0,24,0,4.846744414732744,4.617472883781276,5.381170397484729,5.0827714159850945
7,Lab Assistant Sarah Walters,31,63,156,colleague,0.6042876182063766,1,5.18472817073713,6.240609378118737,0,1,41.785991014119645,20,40,0,20,0,5.034624746849667,3.818038210385689,4.221548375646837,3.0561568464797118
7,Lab Assistant Sarah Walters,28,63,157,rival,0.4849764901372178,1,6.951291105743408,5.904569998044358,1,1,42.725212746226944,-19,15,1,34,1,5.136100812464568,5.480924929543827,4.763742493557142,4.904317988348694
7,Lab Assistant Sarah Walters,30,63,161,colleague,0.30502688986942383,1,4.702979889498755,5.039098944275723,1,1,43.5642789116082,-36,1,1,37,1,4.170183761172575,4.208814673846956,4.982095484114252,4.71393987464287
7,Lab Assistant Sarah Walters,30,64,158,colleague,0.3332367992626166,1,6.740054480167799,5.588775248136925,1,0,36.28747960077624,14,33,0,19,0,4.874588092824896,3.500202915614809,4.0548791341087025,4.2945923749072765
7,Lab Assistant Sarah Walters,27,63,161,rival,0.5976208075605538,1,7.948401199084467,5.125853007760114,1,1,48.72047730715353,-33,-6,0,27,0,3.6549161421799323,5.976392718642192,4.71223504743015,3.5358673154911386
7,Lab Assistant Sarah Walters,30,64,159,colleague,0.44080984816336904,1,4.088763006708771,6.701376719756019,1,0,40.756891501255105,-21,11,1,32,1,3.675297637113703,4.211897905800488,5.27048455470608,3.8588502740741912
7,Lab Assistant Sarah Walters,28,62,159,rival,0.4153631240228932,1,5.663328529516842,5.002164544826781,1,1,47.6820221353924,-14,21,1,35,1,4.254808733097326,3.56662487171032,3.0871229906128934,3.672577838716776
7,Lab Assistant Sarah Walters,31,62,162,colleague,0.5282338819865822,1,5.043876347895303,4.0685008538891445,0,1,40.637378109975444,-45,-30,0,15,0,5.228896124690978,5.650537441444692,4.962348134577409,4.656172078356194
7,Lab Assistant Sarah Walters,28,63,158,colleague,0.5892240431149309,1,4.196576624185256,5.416506676460971,0,1,28.316251429353265,-37,-16,0,21,0,4.732806745048901,4.377578778081691,5.051013274563454,4.330959588059336
7,Lab Assistant Sarah Walters,28,63,161,stranger,0.5565517041419663,1,7.018434867412105,6.5136263519061925,0,0,31.121586349273514,-37,1,1,38,1,5.030617126964332,5.601188142294456,5.986603650529888,5.586506911784014
7,Lab Assistant Sarah Walters,30,63,161,colleague,0.3483927897089566,1,6.882982641718422,5.941268019136983,1,1,37.02018909673278,-47,-7,0,40,0,4.195190209783041,5.466947273727145,5.306284547744091,4.090119802939059
7,Lab Assistant Sarah Walters,31,64,163,colleague,0.476018322791423,1,6.937117648275824,4.310869033917421,0,0,39.49529952436273,-36,-10,0,26,0,4.238679162931524,4.019503872289138,5.738923771151945,5.386659297703005
7,Lab Assistant Sarah Walters,27,63,163,rival,0.5774864228787111,1,5.291210103750053,6.127248648365816,0,0,33.56107255356238,1,41,0,40,0,4.3511284746131675,3.7737652786425766,3.8258969395107356,3.10723392876959
7,Lab Assistant Sarah Walters,31,63,153,friend,0.3884086158280688,1,4.854255592954883,5.088172705034982,1,0,28.9575611367151,-21,16,1,37,1,3.8846388493725943,5.231199498590796,5.0852475493077876,3.4395784200902897
7,Lab Assistant Sarah Walters,30,63,163,colleague,0.3911672116160532,1,7.254595756965206,5.749691113150639,1,1,34.10404486975435,4,31,0,27,0,4.430923006351143,5.700012024575698,5.917209938411717,4.931554559377063
7,Lab Assistant Sarah Walters,31,63,161,friend,0.4497450333177409,1,7.327043441164579,5.455737351962399,1,1,29.384683907776775,3,39,0,36,0,5.840844759302271,4.027100985307064,3.927924853707014,3.672929968314361
7,Lab Assistant Sarah Walters,27,64,156,colleague,0.4426005855166621,1,5.296608558647632,6.73810751673512,0,0,46.14364836716959,15,53,0,38,0,3.607589953323312,4.992732257384968,4.195473670059488,3.296520060718691
7,Lab Assistant Sarah Walters,27,63,161,colleague,0.6846624718152101,1,7.233028096752535,5.613187272979668,1,0,36.165821285304084,14,36,0,22,0,3.768216217993271,5.218307335287735,5.069097115166487,4.952421647105871
7,Lab Assistant Sarah Walters,30,62,153,rival,0.6917509961400559,1,4.328816695212411,4.832429671839457,0,0,47.93667086654695,-45,-21,0,24,0,3.182595339590282,3.682758746533258,4.757032173015486,4.743811312555126
7,Lab Assistant Sarah Walters,31,62,158,rival,0.616006450754123,1,3.3652727304557644,5.434897134819769,1,1,27.49689771651641,24,58,0,34,0,4.461692004649958,4.707987807905729,4.745140636632345,5.583417309187103
7,Lab Assistant Sarah Walters,30,64,156,friend,0.5355750167541677,1,6.174662761927145,6.26662914729687,0,1,35.17922174210737,-26,9,1,35,1,4.521878946198813,4.542600705111527,5.8543070922481935,3.8989118024155474
7,Lab Assistant Sarah Walters,28,63,157,friend,0.5711370216645726,1,5.51531140166536,5.877765166164423,1,0,29.554507040899328,-55,-24,0,31,0,4.4115189871740625,3.4893926198511234,3.196678424487363,4.296044752142791
7,Lab Assistant Sarah Walters,30,63,163,acquaintance,0.5747835711794795,1,7.112788408348548,4.580786513808186,1,1,32.680008467618315,-16,23,1,39,1,3.308751352535478,3.900184257199276,4.8285800638115095,4.713025279459817
7,Lab Assistant Sarah Walters,28,62,159,rival,0.614324451004795,1,7.261786422056822,5.830369688479395,1,0,49.52886020276233,18,57,0,39,0,5.179404868246239,3.6861708000192834,3.7885662422772124,5.8029899341517135
7,Lab Assistant Sarah Walters,29,62,157,colleague,0.4334888658723522,1,4.769667857484194,6.2356418069157,1,1,34.83855515023605,8,47,0,39,0,5.819961914511348,3.1659222759756434,4.226363324082165,4.937378141404034
7,Lab Assistant Sarah Walters,30,63,153,friend,0.6274132272730437,1,4.011065475963393,5.986163878068463,1,0,25.59197495167065,-3,22,1,25,1,5.217050877201232,5.3924238506327535,4.852667514300572,4.320309449502902
7,Lab Assistant Sarah Walters,27,62,155,colleague,0.43019321478262285,1,5.398413492049804,6.1637919379682895,1,0,26.149998750766354,-11,11,1,22,1,4.820114528822475,4.125056886508691,3.3043197480465745,4.918885998637049
7,Lab Assistant Sarah Walters,29,63,157,colleague,0.3444123162980105,1,3.6714236691910673,6.249478624924766,1,0,35.34443449681824,-30,3,1,33,1,3.5999829224162485,3.2640154757707087,3.7356800063217155,4.718199503717985
7,Lab Assistant Sarah Walters,29,64,161,colleague,0.6269239970785956,1,6.4478506454025135,4.421402702602014,0,0,42.481282858439286,-16,23,1,39,1,5.653755654725719,3.5524200868889793,4.404979196809581,4.3824110708133235
7,Lab Assistant Sarah Walters,29,63,162,colleague,0.5990601120373047,1,3.115691540400309,4.357571310749059,1,1,37.15893827343304,-55,-39,0,16,0,5.738946608967551,4.536785007420354,3.0486038081135134,4.311620749436046
7,Lab Assistant Sarah Walters,31,63,161,acquaintance,0.4968037881930065,1,5.87407734743329,5.9031215325096875,0,1,49.355688422599926,-48,-28,0,20,0,5.3957729305364275,5.538898025113775,3.263190766586182,5.7674906433026525
7,Lab Assistant Sarah Walters,28,62,163,stranger,0.47237869148777645,1,4.3843245605273236,5.353865762562061,0,0,41.26109244868708,-41,-6,0,35,0,4.725671306397238,4.36214124100761,5.3433387434315565,5.21837583527435
7,Lab Assistant Sarah Walters,27,63,162,friend,0.4175255149792252,1,6.118448735334822,5.1698424894855535,1,1,28.76237300389501,-35,1,1,36,0,4.597092824975103,4.960838101775986,3.600994656307872,5.464574252987767
7,Lab Assistant Sarah Walters,31,62,156,colleague,0.6091968004354351,1,4.030720856356683,4.544760162403356,1,0,46.117457941072544,-46,-20,0,26,0,5.8639817849382805,3.982383143988759,3.9460087477072814,3.690311565805235
7,Lab Assistant Sarah Walters,29,62,159,colleague,0.6964014508458314,1,4.164894250642592,6.759634782759155,0,1,46.94093985462182,8,35,0,27,0,3.076271663098465,5.602598363398217,5.562564337400632,3.6257530461344842
7,Lab Assistant Sarah Walters,30,63,156,colleague,0.382252907070469,1,4.902524441116198,6.443498249157876,1,1,47.832080270779045,18,38,0,20,0,5.269819070614233,3.3610749752975053,4.467325279279992,4.814545229637407
7,Lab Assistant Sarah Walters,29,63,156,colleague,0.3841309845005038,1,3.4539548903625907,5.520730555650409,1,1,48.62242107409122,-43,-16,0,27,0,5.410235019475533,4.200925043856399,5.572479220481203,4.064043298968503
7,Lab Assistant Sarah Walters,27,63,163,rival,0.4202777750174964,1,7.998532820538205,4.253354414934649,0,1,36.7840364604909,-30,-5,0,25,0,3.1361084760889963,5.54224442502107,3.5320751569698583,3.027821841715611
7,Lab Assistant Sarah Walters,28,64,160,friend,0.6049151362150633,1,3.3059073014633533,6.4071408184578775,0,0,34.29260097771045,3,31,0,28,0,3.5172599667602213,5.808874760238819,5.895900565789204,5.225900012465214
7,Lab Assistant Sarah Walters,28,63,154,friend,0.6146227126192263,1,3.149900633750684,4.612230687724012,1,1,46.035624717396004,24,39,0,15,0,5.349806696753875,3.9947461417726475,5.666461351599596,3.102668316698465
7,Lab Assistant Sarah Walters,30,62,161,colleague,0.4508147083595463,1,5.992537383829158,5.575613800504958,1,1,47.429717373605754,-47,-30,0,17,0,3.337231769458884,4.427068109760433,5.9501063618453625,5.568421279597507
7,Lab Assistant Sarah Walters,28,64,163,acquaintance,0.30028865132162236,1,5.3812173481839505,6.698646975373096,1,1,38.49965228989399,30,60,0,30,0,4.478405127273177,5.493268061845789,4.713718597507933,3.3774989296341937
7,Lab Assistant Sarah Walters,28,62,163,friend,0.33287559373135933,1,3.4739459498699032,5.211515596858407,0,1,30.65558508982336,-31,-6,0,25,0,5.131381406797992,4.386447489299394,4.772353973684838,4.550713075187067
7,Lab Assistant Sarah Walters,29,62,158,rival,0.4688083808862289,1,6.30600914155025,5.738105678627125,0,1,47.650363258974885,-16,0,1,16,0,5.9385918568560285,3.0429651918177556,4.903891951608227,5.506137277069067
7,Lab Assistant Sarah Walters,30,63,153,friend,0.5288346930765401,1,5.419224301639216,5.031705309176779,0,0,39.430037030141214,6,35,0,29,0,4.8639376818270526,4.637638280686654,3.3534573855614758,3.8379155841945223
7,Lab Assistant Sarah Walters,29,63,155,colleague,0.4021137694745749,1,7.034942495523807,5.462065445751126,1,0,41.70031712506234,-18,5,1,23,1,4.096266733702596,4.9268780803400425,5.89426064960626,3.3786845079343806
7,Lab Assistant Sarah Walters,30,62,154,colleague,0.5201859078189591,1,4.478567165371002,6.619920216820185,1,1,49.60779248542127,-51,-31,0,20,0,4.192674297541974,5.8237491597002204,5.995634380971744,3.584633949586192
7,Lab Assistant Sarah Walters,28,62,156,colleague,0.5933649293917291,1,4.769682486562978,5.8028088982389345,1,0,38.12613059710622,12,44,0,32,0,3.6912706351360995,5.841490499612126,4.592610221358093,4.123416360290716
7,Lab Assistant Sarah Walters,28,64,163,friend,0.6435763258283861,1,4.131287472070708,6.791946629086976,0,1,48.87826137424736,3,26,0,23,0,3.1467365464357306,5.907439133872817,4.202618531059394,4.169317198566123
7,Lab Assistant Sarah Walters,30,63,160,colleague,0.4287685130122896,1,6.607738239248966,4.899979628630436,1,0,41.70300426177781,-38,-4,0,34,0,5.877827258411381,3.17766668100289,4.231126587248667,3.4313747021764245
7,Lab Assistant Sarah Walters,28,63,155,colleague,0.558433849868206,1,4.954998321511463,4.5801138933429115,0,1,49.08393359725365,-14,13,1,27,1,5.21896495489619,5.833023317284524,3.4555386052838957,4.33014406582136
7,Lab Assistant Sarah Walters,29,62,163,colleague,0.3469168052691825,1,4.555802953401244,4.307836631797061,0,1,41.51053585824966,-10,22,1,32,0,4.363102290489001,3.21120819926769,5.936978878548374,5.7315184932948675
7,Lab Assistant Sarah Walters,29,62,159,colleague,0.635190978321781,1,4.277261864872186,5.880695010718532,1,1,42.74401677612903,8,30,0,22,0,4.568517925658453,3.2657188698114146,5.1952779204394535,5.879203310587562
7,Lab Assistant Sarah Walters,28,64,160,stranger,0.6346836468625039,1,7.81622209520926,5.265022353604119,0,0,32.00508911950979,-18,17,1,35,1,4.258936077363308,5.50888874198308,5.949259833022832,3.2492800804881625
7,Lab Assistant Sarah Walters,30,62,162,friend,0.497990433041418,1,5.955422194069886,5.996885462084878,1,0,42.71322721389345,7,40,0,33,0,4.1274670200041195,4.556900356793257,5.775729276259773,4.14776167367625
7,Lab Assistant Sarah Walters,31,64,154,colleague,0.5302502098527955,1,3.5873668181422946,6.292092023162864,1,0,47.59474016796905,-4,33,1,37,0,4.041913359919677,5.3644090542252005,5.5566991000043515,4.720034767614557
7,Lab Assistant Sarah Walters,30,64,159,colleague,0.5676273462417165,1,3.1282028561845245,5.700789992080726,1,0,27.47010500957758,7,45,0,38,0,4.369869519384878,5.672833940092792,4.075766797774325,5.049035094917932
8,Rival Scientist Dr. Michael Brooks,57,73,225,rival,0.656741960417925,1,2.6490248062939132,9.199104428224084,1,1,69.52210991790596,-15,11,1,26,1,8.116955530208482,8.726965808082785,8.972430366894764,9.11105715559409
8,Rival Scientist Dr. Michael Brooks,57,73,219,rival,0.4001289800222323,1,6.219577978666626,8.172471299259419,1,1,40.717077759250095,-60,-25,0,35,0,5.515163162963918,6.054499315045637,6.098687510680261,6.3914111961181534
8,Rival Scientist Dr. Michael Brooks,59,73,223,colleague,0.5417692499706948,0,6.2643125390831536,8.41861666990136,1,1,22.787015063648994,-5,39,1,44,1,5.765298197050175,6.105769350388744,5.24050923356359,5.899803153020411
8,Rival Scientist Dr. Michael Brooks,60,74,219,rival,0.35958588367707356,1,5.793908147097318,8.253866101252886,1,1,26.58425114038688,11,43,0,32,0,5.384499128847509,4.832580710225893,5.463100401752182,6.612523726300801
8,Rival Scientist Dr. Michael Brooks,58,74,227,rival,0.5912235820640883,1,4.674474569615782,8.152268067609858,1,1,23.875295383394008,-35,-5,0,30,0,5.061171506219505,6.237697757468788,5.04743789593413,6.687839881066841
8,Rival Scientist Dr. Michael Brooks,57,72,218,rival,0.389037940450788,0,6.572594030474585,7.466546577780406,1,1,33.908058693860866,-4,24,1,28,1,4.96514510825099,5.796428471447818,5.4990420868109,5.938642160754728
8,Rival Scientist Dr. Michael Brooks,59,74,222,rival,0.5120237785506189,0,6.4102782562760705,7.027114680876057,1,1,42.501321495604856,42,67,0,25,0,5.850922777449231,4.692601121181456,6.232997654648363,5.304156379028124
8,Rival Scientist Dr. Michael Brooks,57,74,227,colleague,0.3386294024362148,0,6.352655827675109,7.5149076686554235,1,1,27.8371195317819,14,36,0,22,0,6.300265616706438,6.293911339755067,6.112414903500918,5.885182064419194
8,Rival Scientist Dr. Michael Brooks,59,73,227,rival,0.5509840228852663,1,5.313612859632066,7.682125858011607,1,1,44.894714946177075,-85,-56,0,29,0,5.897490103734239,4.643864413645894,5.369007752772913,6.668942870689724
8,Rival Scientist Dr. Michael Brooks,58,72,222,rival,0.4709260879129441,0,6.183281504234157,7.927224376763977,1,1,37.60544549010045,46,73,0,27,0,5.038010348785684,5.630279308367991,5.845989251457266,6.186669053596651
8,Rival Scientist Dr. Michael Brooks,60,74,224,rival,0.3432699205718195,1,6.043965188865493,7.128917185406895,1,1,35.23986087236012,10,43,0,33,0,4.799208458040299,6.94338462261508,6.034626149826287,5.824429948138286
8,Rival Scientist Dr. Michael Brooks,57,72,227,rival,0.5321202608022563,0,6.507218238291996,6.558975110194192,1,0,38.21667796364056,-30,-12,0,18,0,6.865367848492326,5.935007223876726,6.8725747258468175,5.468627851547933
8,Rival Scientist Dr. Michael Brooks,59,72,223,rival,0.3548968794104381,1,4.5322328516974215,7.360721780047783,1,1,22.26836226593077,-49,-28,0,21,0,5.066600511804236,6.964090057597035,6.082518314599402,5.349300426463177
8,Rival Scientist Dr. Michael Brooks,60,73,218,colleague,0.563790378584324,1,5.671385155450095,7.865420168238089,1,1,20.043222487643312,-3,12,1,15,1,5.317149158283202,5.265659716495379,6.500095432720054,5.920196640554158
8,Rival Scientist Dr. Michael Brooks,56,72,221,colleague,0.4909445277322957,1,5.6056419808799145,8.45154874541235,1,1,37.07952710103516,-70,-44,0,26,0,5.934962529259329,6.728591915978074,6.265918915084992,6.699179861172729
8,Rival Scientist Dr. Michael Brooks,57,73,218,rival,0.4866247841092369,0,6.664700626388893,8.087294950197697,1,1,43.356199136314046,40,58,0,18,0,5.372635053154678,4.951041899437203,5.7962221199159565,6.750576505432307
8,Rival Scientist Dr. Michael Brooks,60,72,227,colleague,0.5759997420103773,0,6.7858194110949634,7.5959608678783495,1,1,31.19838951975314,-73,-56,0,17,0,5.345859856274392,5.414233776580195,5.098628389842567,6.543963754377666
8,Rival Scientist Dr. Michael Brooks,59,72,223,rival,0.31758725550013145,0,5.44127019072117,8.187202735389294,1,0,38.86528820527013,2,44,0,42,0,5.799609506334242,6.1587814996913846,5.3013826592241795,5.818343720640925
8,Rival Scientist Dr. Michael Brooks,60,74,224,friend,0.5270770412975128,1,4.847684673674027,6.770951337336072,1,0,27.323978830920026,-3,24,1,27,1,5.587847061028088,4.7059722224337115,4.559585375548143,4.760796254901486
8,Rival Scientist Dr. Michael Brooks,60,73,222,rival,0.4492843821472392,1,4.861581812147261,7.868104796095217,1,1,40.78143005103479,-48,-24,0,24,0,6.730231344466468,6.369628464808247,5.928187276102361,4.933396895247184
8,Rival Scientist Dr. Michael Brooks,56,74,218,rival,0.31416226469003006,1,4.564717032427317,8.428374223973806,1,1,40.63485638874869,28,66,0,38,0,5.770937072559901,6.623051996869782,5.771863959186224,6.202833468079252
8,Rival Scientist Dr. Michael Brooks,57,72,225,rival,0.5849892903544873,0,6.137231737084177,6.645926963002005,1,1,25.168423535515615,-8,7,1,15,1,4.613084705957888,5.45372181769516,6.7508017474671735,4.790827563485358
8,Rival Scientist Dr. Michael Brooks,57,74,223,rival,0.5953205894911089,0,6.47971663389441,7.2435675549147085,1,0,21.118919654922372,-71,-49,0,22,0,6.05440937110284,5.145463240927919,6.805444449611764,6.200989297973732
8,Rival Scientist Dr. Michael Brooks,58,72,228,rival,0.5209900705078307,1,6.0708437713286445,7.331774738781973,1,1,26.9521670867939,39,80,0,41,0,6.448063364032963,5.133563708516389,4.526074268418124,6.2313078492035805
8,Rival Scientist Dr. Michael Brooks,59,72,228,friend,0.5068498117245166,1,4.343141126229131,6.817847667667525,1,0,21.662507873654096,-12,8,1,20,1,6.8587578114139465,5.141247908683814,6.202264001872826,6.8265482987280794
8,Rival Scientist Dr. Michael Brooks,60,73,222,rival,0.5566524279939569,1,6.2829678606853046,7.289812487704716,1,0,25.05315269347449,-76,-34,0,42,0,5.744918037220615,4.817787574943631,6.988896158257409,5.672392470367622
8,Rival Scientist Dr. Michael Brooks,57,72,224,friend,0.35534349847646357,1,6.419227340833851,6.983503690897653,1,0,30.952714036842124,-66,-32,0,34,0,6.422816411425394,6.157191904887847,5.759048222876902,6.936269003692445
8,Rival Scientist Dr. Michael Brooks,58,72,227,friend,0.3042633420569958,1,6.578462666654908,7.0016043323552575,1,1,31.550885662557427,25,41,0,16,0,5.478279661015316,4.882743793480495,5.22951399731626,4.659123450987704
8,Rival Scientist Dr. Michael Brooks,57,73,228,colleague,0.5163543249045423,1,5.321591483117257,8.186844605889561,1,0,27.19516343564785,-54,-22,0,32,0,6.910441344930856,4.641782818573821,6.211907071343275,5.524810420685398
8,Rival Scientist Dr. Michael Brooks,60,74,220,colleague,0.5172238087642205,1,4.115290063846554,8.303039224502333,1,0,20.14754019327711,-88,-72,0,16,0,6.534265164053576,6.421738582979046,4.799105231780615,5.0612951845336
8,Rival Scientist Dr. Michael Brooks,60,74,219,colleague,0.3059380076427667,0,5.429284720209486,7.642983744215819,1,1,37.14024965018948,-35,9,1,44,1,6.370173518316244,6.20720293169026,6.031521254219903,5.362865633892475
8,Rival Scientist Dr. Michael Brooks,59,73,220,colleague,0.436266959167543,0,4.671519506225155,7.073727021174031,1,0,44.075992213072254,-29,14,1,43,1,4.900791622103715,6.350013938191107,5.579341467571453,5.249644155502017
8,Rival Scientist Dr. Michael Brooks,59,74,226,colleague,0.5555050944395041,0,4.375072661939308,7.752999817623815,1,1,30.14480896687892,30,59,0,29,0,6.333623227706399,5.609732220924909,5.4711071376412574,5.408900654647524
8,Rival Scientist Dr. Michael Brooks,59,72,226,rival,0.36177452410610117,1,4.572895226666032,6.889203875482156,1,0,36.4831494510408,-2,41,1,43,1,5.658439825255527,6.65609671108381,6.480195760879816,5.4370415963977585
8,Rival Scientist Dr. Michael Brooks,59,72,225,colleague,0.3325950545284793,1,4.900960823253007,8.165775790150953,1,0,35.58990225421597,-70,-49,0,21,0,5.344207881981378,6.7248116351053,6.1491286528164615,6.842804940743388
8,Rival Scientist Dr. Michael Brooks,59,72,221,rival,0.4157912013695975,1,4.8199599456108935,7.991943399319502,1,1,23.896392069987606,-37,3,1,40,1,6.50209200750682,4.87670814266968,5.291226727302741,5.1142462020372985
8,Rival Scientist Dr. Michael Brooks,59,73,227,rival,0.5799060652331842,1,6.205952867003209,8.251833141376103,1,0,39.6740564080624,-60,-45,0,15,0,6.800429471996599,6.673659355430914,5.328771588441001,4.724867431694528
8,Rival Scientist Dr. Michael Brooks,58,72,220,colleague,0.5873869751684633,1,4.198069252735527,7.746463371951068,1,1,42.612878648239096,-28,-3,0,25,0,6.259008042052724,5.224352622465053,4.753748722417949,5.904718890037619
8,Rival Scientist Dr. Michael Brooks,57,72,224,rival,0.33553214043149016,0,5.229039672574708,7.623328142647761,1,0,37.496565353740564,-42,-24,0,18,0,6.159672724928741,4.866615725852267,5.612259721328857,6.389183782774552
8,Rival Scientist Dr. Michael Brooks,59,73,224,colleague,0.4430640135045154,1,5.758526117089126,8.475546103983397,1,1,31.02341294007212,-2,27,1,29,1,6.7349701080444575,6.925741767357421,6.866510195131632,5.9169575151769225
8,Rival Scientist Dr. Michael Brooks,56,73,219,colleague,0.35317064106824264,1,6.032119476652497,8.333528014264791,1,1,43.37572198192915,9,54,0,45,0,6.085556907964843,5.230873657602969,6.481954666762832,6.466443137881768
8,Rival Scientist Dr. Michael Brooks,59,72,227,rival,0.5673143094561757,1,4.507180475411176,8.202505651901898,1,1,27.00614601039074,-4,26,1,30,1,5.296418877426845,4.917204798236695,6.123512790329827,6.2512872127189505
8,Rival Scientist Dr. Michael Brooks,59,73,218,rival,0.3818509647622651,0,5.970080162393023,7.818821043971839,1,1,20.78434518177991,22,37,0,15,0,6.336603164182093,4.548030396973909,5.451677788042321,6.7613370506115436
8,Rival Scientist Dr. Michael Brooks,56,74,228,rival,0.3810851067979397,1,5.100381697784648,7.525168431604306,1,0,30.612855554967194,10,29,0,19,0,6.857265639048798,6.2977927673903835,5.880956623571057,5.7220760487325695
8,Rival Scientist Dr. Michael Brooks,59,74,219,rival,0.5416425518681613,0,6.584437411474987,8.291638286613304,1,1,23.21314573403944,24,46,0,22,0,4.686036567708612,5.433470727223142,4.885015319509596,6.503642641696061
8,Rival Scientist Dr. Michael Brooks,56,72,218,rival,0.5209510575391044,1,6.7267342794864025,6.640765550080594,1,1,44.141108406958985,-32,10,1,42,1,5.327251594255336,6.16234517667131,6.03141295764555,4.640416039231189
8,Rival Scientist Dr. Michael Brooks,56,72,219,colleague,0.5154763205753086,1,5.298908102324442,7.871201995508011,1,1,37.92447940994276,-31,4,1,35,1,5.823333702844355,5.690110273986141,4.993249384839788,6.9698239470888
8,Rival Scientist Dr. Michael Brooks,57,73,222,colleague,0.5194694228682503,1,6.58269678193181,7.385032656564233,1,1,21.9889574825486,-53,-34,0,19,0,6.695441621206672,5.938585202632914,4.973363971337061,4.810025768407957
8,Rival Scientist Dr. Michael Brooks,57,72,223,rival,0.5268858723163167,1,5.184003918661853,8.172080808763328,1,1,30.307049659388966,2,23,0,21,0,5.566308268363583,6.561171426340175,6.338607885702898,5.8263771125484825
8,Rival Scientist Dr. Michael Brooks,58,73,220,rival,0.3193960012382706,1,5.032669758111837,7.965828360027134,1,0,40.442587776127226,-74,-59,0,15,0,6.942919160132645,6.18625280425384,5.295995119738181,6.428465271672856
8,Rival Scientist Dr. Michael Brooks,60,74,219,friend,0.47076033859499683,1,4.957191939297027,7.216225053998718,1,0,29.2610848135678,-47,-22,0,25,0,5.8647922500799865,6.362423386243824,5.0702790727322755,4.926382348736738
8,Rival Scientist Dr. Michael Brooks,59,73,225,rival,0.3973103327828184,1,6.8356394165518,7.306483365053294,1,0,31.609814400258735,-55,-17,0,38,0,6.37638020861082,5.548992908552924,4.5611995509520495,4.848580065896089
8,Rival Scientist Dr. Michael Brooks,57,73,223,rival,0.30418504946168046,1,5.9853162148303305,6.845559897289256,1,1,24.597740474528408,-58,-31,0,27,0,5.6807205555941875,5.177225204879702,4.994391210781051,5.743306089047937
8,Rival Scientist Dr. Michael Brooks,60,73,221,rival,0.35698381771117765,1,5.497410672147339,7.3702151469488575,1,0,32.18355353346093,14,40,0,26,0,6.903598541505849,4.667265198248445,5.308206251003297,5.691750627156676
8,Rival Scientist Dr. Michael Brooks,57,74,225,rival,0.5410866138705697,1,4.0389027809394165,7.116015354268381,1,1,35.761475881675615,-2,26,1,28,1,6.029066900198299,5.99778954925813,5.824091801082662,5.352743102698713
8,Rival Scientist Dr. Michael Brooks,57,73,227,friend,0.5911292116497227,1,5.341234625205588,7.334001157374827,1,1,28.15501542543653,-51,-16,0,35,0,6.789344778318703,6.931319681484023,6.467015346149566,5.88748936989824
8,Rival Scientist Dr. Michael Brooks,58,74,221,rival,0.5705567437271762,0,6.344785369173029,7.644549920724864,1,0,37.7026220770245,1,42,0,41,0,6.549142462184635,5.721469800235667,5.67438135464782,4.548493227240816
8,Rival Scientist Dr. Michael Brooks,56,73,220,rival,0.4870820991433894,1,5.472821432263164,7.705199553078868,1,0,43.95681864168995,-38,-9,0,29,0,5.473941195335858,4.982954304502933,6.4248642265090785,6.279769047034594
8,Rival Scientist Dr. Michael Brooks,56,73,221,rival,0.3669999956333707,1,5.0685063263364905,7.741305045523541,1,1,39.59210676564976,-45,-20,0,25,0,6.011927561521782,5.8407754190276995,6.560341105064909,6.114603943902907
8,Rival Scientist Dr. Michael Brooks,60,74,219,rival,0.38868587255497256,1,6.654315073675135,7.547004383785255,1,1,26.20566174214879,-35,2,1,37,1,6.546466336635891,4.527285037528295,5.1524696984186775,4.860149001630086
