suspect_id,suspect_name,age,height,weight,relationship_to_victim,physical_capability,access_to_scene,alibi_strength,motive_strength,prior_conflict,fingerprints_at_scene,dna_match_strength,time_of_arrival,time_of_departure,at_scene_during_murder,time_at_scene,had_opportunity,witness_testimony,camera_evidence,suspicious_behavior,inconsistent_statements,guilt_score
4,Daniel Jones,53,69,165,colleague,0.4418613785575432,1,0.3742417994915628,5.703338723338379,0,1,88.99083527387887,-33,4,1,20,1,3.31182784882162,4.0321317286201745,0.5663399242096591,1.1959317774032696,0.9519907550223619
29,Karen White,44,74,167,colleague,0.6276422101389302,1,0.4714208378407132,4.113071990767512,1,1,79.42054899585919,-14,9,1,20,1,4.279563803824024,3.1538762829077704,1.3598893061974278,1.4258230352770458,0.9034760354338478
16,Thomas Garcia,42,66,185,stranger,0.6488213992758984,1,1.2514835790192183,6.308534501553886,0,1,91.50058039672831,-33,17,1,33,1,7.9113291239645465,6.131906326090881,2.666209166888174,1.8304417876370815,0.9362728241894749
48,Susan Davis,41,68,192,stranger,0.6105460940375653,1,1.3620310314123343,2.3570125478927415,0,1,87.75107729465358,-20,13,1,44,1,4.2767326505458865,6.937140103819571,2.099999399635232,2.4493241032112616,0.95476914007919
5,Mary Wilson,55,70,175,stranger,0.41985658156346417,1,1.7523314111154265,4.835900257392511,1,1,80.6777839691911,-4,28,1,56,1,4.753111115524392,2.5892809989883148,1.1165687692349586,2.464788469571028,0.9210193286818349
75,Christopher White,42,70,164,colleague,0.5528578881029393,1,0.3545460006954496,2.235581877123673,0,1,79.36250902566174,-25,30,1,53,1,2.381166236911743,3.2897157190392203,2.990303450600242,2.3519002078469793,0.9776862702090895
93,John Rodriguez,33,75,206,acquaintance,0.625263339877483,1,1.506617845517658,3.7008773651552263,1,1,85.56483551472031,-6,3,1,31,1,7.831328593220686,5.571773194312388,1.769204186510813,0.8724378797919674,0.9500240154853135
78,Daniel Thompson,36,67,173,colleague,0.5618137090358877,1,1.523665013671949,4.651768360975888,0,1,89.17678085812504,-4,4,1,22,1,7.574591697587703,6.272331266939105,2.579163823402949,1.576299438909315,0.9046340133195351
11,Christopher Williams,53,72,202,colleague,0.6933953481032002,1,1.1056004882001766,2.6288025576022065,1,1,96.8306709535098,-25,19,1,48,1,7.234598246511545,3.5388276412053212,1.029495513605205,2.3875363107281045,0.9583944855271981
40,William Lewis,42,75,191,stranger,0.5314300251743512,1,1.079878929760504,2.6050209793413286,0,1,77.40856971917958,-34,17,1,52,1,3.321304306709357,1.4259585160541952,2.077757393175247,1.3012962433390403,0.9724336010404903
66,Richard Williams,37,69,192,stranger,0.4642710422111316,1,0.4249301428325425,6.677571202903355,1,1,81.34593933270594,-5,29,1,27,1,2.5659547789512933,4.953896497087978,1.3857439164738845,1.938857966174083,0.9691069398695683
84,Mary Rodriguez,50,66,153,stranger,0.6184640765323548,1,1.561007268464888,2.54634516122402,0,1,80.18459598569785,-7,11,1,42,1,3.1009282147233996,3.7757684104058042,2.68621488517645,0.7638471093100128,0.9646417795785363
7,Karen Jones,50,73,203,colleague,0.6906988771854253,1,1.774823871113817,6.243478672071527,0,1,84.94110927495439,-5,16,1,40,1,7.414657193063292,1.9878227284091612,0.505388445878566,1.866476151557346,0.9741214458847467
55,Thomas Taylor,52,73,192,acquaintance,0.5460014234962989,1,0.5228263743549831,3.0885044920708746,0,1,88.74196639795764,-32,23,1,18,1,2.3008540235837214,3.8607311026536095,2.798467827080188,2.3589414734468948,0.9045503663782948
24,Charles Williams,32,74,154,acquaintance,0.6585457605910388,1,0.8864184372410717,6.707980636145447,0,1,88.73621926515864,-33,8,1,41,1,5.944238986835135,4.391361543064537,1.2909246149418179,1.412679934612715,0.9535780779815863
34,Richard Wilson,42,67,192,acquaintance,0.4899991239396287,1,0.7375012336621518,5.75932246207201,0,1,76.20494005145342,-29,7,1,49,1,3.278925873602242,2.5912024885024083,2.8331484449842725,3.5830246079025385,0.9703416193987634
21,Susan Taylor,44,73,195,stranger,0.583503329717785,1,1.8782962081735572,5.2698815885536625,0,1,90.69299048167684,-16,9,1,23,1,3.586795528922766,6.338276242034254,2.3560417099524966,1.0440676842124665,0.9225405017166316
44,William Lewis,36,75,190,stranger,0.5516227174293962,1,0.62690612851882,6.54079523109286,0,1,78.03056628968014,-8,20,1,17,1,2.021274134526694,5.626715338117762,2.092783443253449,1.4168434185202186,0.9592984726678345
55,Karen Lewis,47,65,157,colleague,0.6835152817139917,1,1.3747333603849898,2.7452714273925976,0,1,94.36109043749236,-26,30,1,23,1,2.250973149013147,3.1879090919635362,2.832720026301635,3.9026869275604117,0.9031915902488975
88,Susan Miller,37,75,156,stranger,0.6340348725614328,1,1.703028992466715,4.031886949160584,0,1,96.36680409653025,-20,13,1,26,1,7.2884972279799465,1.1487181713891323,2.3414111793877055,1.6626491378125003,0.974465270883866
32,Lisa Lee,38,67,200,acquaintance,0.4324286879208872,1,1.6826835309403525,6.292966256688908,0,1,80.39060226056654,-6,25,1,34,1,6.923218285829372,6.22793821517805,1.0573088680145224,2.8101161396202015,0.9318772782851827
99,David Williams,38,70,191,acquaintance,0.5199035153080183,1,1.8679544682370421,4.68107866239361,0,1,78.53751854073141,-19,14,1,52,1,7.775205894569333,2.592798175137812,0.7710063680367778,2.0209731549762555,0.9582836048522163
78,Richard White,46,66,174,acquaintance,0.4570236323506888,1,0.27545710731249284,4.1802875772748616,0,1,84.01287237918781,-31,24,1,54,1,3.883493870350158,6.088091677038013,2.2993856575348754,1.5511279387394246,0.9247427729766923
52,Jessica Anderson,52,69,185,colleague,0.45755202789704424,1,1.3303800381617115,3.8957263856127087,0,1,89.54132815093037,-16,28,1,50,1,7.002351015824345,2.823249695610123,1.0254567122066047,3.2501558961715302,0.948532925638381
57,Richard Harris,44,75,163,acquaintance,0.5419558557727979,1,1.732007403908032,5.980123800633901,0,1,90.49471638996528,-17,35,1,57,1,5.797645134594775,3.0111295324588054,2.5460586613416605,3.128983481392563,0.9538236536445734
19,Elizabeth Miller,40,65,165,rival,0.6935744091127405,1,5.445095892242721,8.921223347500492,1,1,48.28882021995439,20,39,0,19,0,6.727012698227954,7.155037746496966,6.959946168481879,6.999132157191344,0.5312116022223567
100,John Jones,53,68,161,rival,0.6216439424692572,1,5.783647105632953,8.16137471143563,1,0,58.3494002891088,-45,-11,0,34,0,6.3693854764105176,7.404249805166794,7.668944331465883,8.46973113266612,0.46345959149306953
93,Thomas Robinson,56,71,203,rival,0.6627418921824453,1,4.783654448306802,7.3978947688574985,1,1,49.00139514493816,36,71,0,35,0,5.741719212528979,6.9129843103284685,7.9145342107429135,7.303249532069955,0.4478491727629266
92,Thomas Williams,49,68,167,rival,0.43433901464852553,1,6.572107331161267,7.201444144144171,1,0,44.625229594563734,28,57,0,29,0,5.458415799731444,5.641858631317962,7.037169739745545,6.827203477595209,0.4831548468206312
50,William White,64,74,210,rival,0.5782091945991872,1,6.426928129215737,8.913986440295174,1,1,49.53959465114714,60,88,0,28,0,6.055276408015474,7.260425375178158,8.133619876422761,8.383575846175265,0.5076441135220463
78,Betty Garcia,47,72,164,rival,0.4091741247053026,1,4.9425679751940015,7.97214300811532,1,1,54.48362755254578,47,74,0,27,0,6.40217044769693,5.382883391843482,7.555642402435161,6.067416129762845,0.5183785551255822
11,Lisa Smith,60,71,158,rival,0.646740542238052,1,3.7269161060537286,7.650390784798262,1,1,44.23320568422963,-19,9,1,28,1,6.0125016442216115,7.638919958005687,6.695641539097015,8.378010299651404,0.45045430635647615
3,Robert Martin,63,73,153,rival,0.6999631314036836,1,4.399841374880736,8.625360233124688,1,0,55.084664081190525,-29,7,1,36,1,5.5980820470875985,5.061140051960997,6.380955864461976,6.315552437185516,0.4228778892218613
90,William Harris,48,70,160,rival,0.5423570770241245,1,6.854938976404835,8.79589307149002,1,0,59.294415460681755,-47,-20,0,27,0,6.73605419752773,7.786661505221365,7.4394918210310355,8.27006537761861,0.4793308883033255
10,Matthew Miller,58,75,165,rival,0.3407605221783906,1,6.0899235398048965,9.12573309772199,1,0,55.92454433200424,12,43,0,31,0,7.347906039083059,6.041611295925347,7.070945033086861,6.926427190545141,0.529508650811361
63,John White,43,71,173,rival,0.5542340424405783,1,6.314829244009832,8.768271609265192,1,1,43.52273922172119,6,36,0,30,0,7.896421193714233,5.810247189162203,8.02049804701689,7.345432266120639,0.4929747543269016
35,Betty Martinez,50,68,203,rival,0.6738487514456,1,4.115712996769881,8.127005000484427,1,1,51.39699289356645,25,46,0,21,0,6.136967912384792,5.086099993310269,8.127382090781147,6.454599642894229,0.47096499323521906
36,David Anderson,59,69,185,rival,0.3040604457754708,1,6.792250311108125,7.214032404895053,1,1,49.77155693697575,37,52,0,15,0,5.720971808372647,6.428279332352494,7.779606016181807,7.120436373966427,0.41861067011093434
89,Elizabeth Jackson,47,69,192,rival,0.5326222341329468,1,4.893041955038099,8.32730482786442,1,1,59.93262927918664,10,28,0,18,0,5.992373891587791,7.108564826557307,6.677291067440491,6.628509190502354,0.5442568662652139
96,Richard Jones,57,67,162,rival,0.38655385595144226,1,4.936794348850835,8.81146250273263,1,1,59.61021260925026,46,78,0,32,0,5.58235273427322,5.682449490447664,6.448603859213509,6.03537091814016,0.42531659196959637
71,Mary Johnson,49,67,190,rival,0.6473844789051776,1,4.963514778095115,9.181799337496336,1,1,49.3879388986102,-4,14,1,18,1,6.0221177976808775,7.896492929414885,6.631195976232432,8.154307411568784,0.564423129059886
10,Joseph Martin,58,75,193,rival,0.32144362971701324,1,3.5967903378946207,8.407098992711411,1,1,41.7036181679246,-29,-7,0,22,0,5.355354686634385,7.293330335978583,7.515794128107407,7.976852074608549,0.5551387079396435
57,Joseph Harris,49,74,177,rival,0.42215209772774415,1,5.484109284288595,8.524077280612826,1,0,58.95180400650756,-34,-2,0,32,0,6.87654509121981,5.793938375870022,6.202968663667461,6.599662944186731,0.4150129737802336
58,John White,62,74,180,rival,0.416503715612411,1,3.9259049382241034,8.767389574697583,1,1,41.42359520306959,-31,13,1,44,1,7.771733133447646,7.363484079940195,7.562645017910555,7.65295760713342,0.43956384275129284
29,Jennifer Garcia,60,67,208,rival,0.40625298865625603,1,3.568945141774709,7.149095098784618,1,1,51.9008807463881,45,82,0,37,0,6.707621147957277,5.865831764917525,6.310884145436771,7.721694978030234,0.48050170383256113
70,David Thompson,40,69,135,colleague,0.5392146648164414,1,6.5576915571698144,6.203601769856846,1,1,35.72311039304567,-2,26,1,28,1,5.507875841718544,4.725597327659791,5.852358833419057,5.998717250632354,0.36524939692054936
67,Linda Martin,39,66,141,colleague,0.6987781899730253,1,4.743539948308012,6.4427348336218095,0,1,40.20870233575038,-25,4,1,29,1,5.010400528563556,5.573199283201058,3.9894109907368964,5.081021021950297,0.3825167073982858
5,Joseph Garcia,39,63,150,colleague,0.4009595403768831,1,3.4636864057238315,6.3176437781194235,0,0,43.56483985892987,-19,15,1,34,1,3.1626122561301857,4.555318177382187,4.867901617805134,4.4954793071465655,0.4019981072122034
71,William Moore,29,66,158,colleague,0.6523386469431222,1,4.938847187799992,4.086608327324989,0,0,37.76875345983338,-45,-11,0,34,0,4.6567542271611995,3.2796276038445678,5.976771418185659,5.738789635452504,0.43941214847187127
64,Daniel Brown,34,70,175,colleague,0.4093699586853097,1,6.3388957823067775,6.9407338978101265,0,1,33.61604921214022,-33,-5,0,28,0,5.765604449794686,4.5247226747786815,5.637978765439428,5.592080803285764,0.404535026535401
65,Jessica Anderson,33,62,148,colleague,0.590420393045413,1,6.349903690425686,5.739770151650212,1,0,41.16368482607986,-15,15,1,30,1,4.0353718250790225,4.655752251212433,4.630290188876019,4.3660338505995036,0.4239203366468137
74,Matthew Wilson,37,65,179,colleague,0.46431003821983124,1,4.272705308935199,5.418928750721243,1,1,46.592220737113365,7,45,0,38,0,4.956057004201817,3.4563159606306693,5.894473315112731,3.378738809428166,0.31639894078627273
13,Jennifer Harris,39,62,176,colleague,0.35766216638677895,1,6.483731885396877,6.9098703821233185,0,1,54.23009076435543,-24,13,1,37,1,4.869778201565994,4.19244997165732,3.240945961738347,3.985696766950369,0.326001879504531
92,Richard Clark,40,70,132,colleague,0.5469837846410892,1,3.939080972408086,6.053198723217751,1,0,48.669159168448175,-18,7,1,25,1,5.935013184661637,5.281109078982796,5.111672487987114,3.301521720968452,0.38880023255864693
42,John Johnson,26,66,152,colleague,0.4499364359101259,1,3.5822791827975937,5.5934989544462805,0,1,31.974208766499867,10,37,0,27,0,4.147632895850622,5.049403739888142,4.493001757103853,4.749471391956159,0.3422299826709995
33,David Harris,25,69,148,colleague,0.5710443542796317,1,3.631902488287148,5.325189350811444,1,0,37.4788562280943,-18,17,1,35,1,5.0709405373803875,4.37050743800336,3.906365011614941,5.998120696500537,0.27133065348447216
46,Joseph Martinez,34,66,131,colleague,0.6911777938307451,1,5.632919263714722,4.823441140534683,0,0,48.629303853349256,8,39,0,31,0,5.712465872681176,3.8585824543775833,5.396580358522796,4.821194994492798,0.29380090778562107
33,William Robinson,29,72,136,colleague,0.6613614816291871,1,5.585362435562091,4.926798651857908,1,1,39.121530825711744,-37,-13,0,24,0,3.270400127238657,3.885331354887466,5.242442594815115,3.5269202113329197,0.40730256220610106
65,Susan Thompson,33,64,146,colleague,0.6656195814153247,1,6.776751264388794,6.902152228500436,1,0,38.46788134504716,-38,-6,0,32,0,4.404994166558086,3.2258980827202723,5.262454479184006,3.6768440870972112,0.4434539494600065
12,Karen Thomas,37,62,146,colleague,0.5146289233076236,1,4.819144110935499,6.018485145621261,1,1,50.56043253066936,-22,15,1,37,1,3.3250383065976923,3.7014657066347496,3.0750739489394467,5.652704535644556,0.3156012563634752
83,Nancy Wilson,29,74,197,acquaintance,0.6895436677707547,1,0.9307947046271301,0.3721212822470499,0,1,23.480003243132906,17,61,0,44,0,3.886458311501425,3.710115154868827,9.493807684119055,6.964839916376329,0.2749335166796538
20,Betty Lee,51,63,245,friend,0.6693913284306938,0,3.157531330814992,6.902806637475636,1,1,23.61126382309957,-28,7,1,35,0,3.6733495849718043,9.016962124246547,6.448268097540277,0.6055008916660876,0.3408572474073285
12,Jennifer Harris,38,60,132,rival,0.7720767542727701,1,1.6962769104264073,5.645779759079633,1,0,20.71573703466585,-65,4,1,69,1,1.475541799414437,9.005310356317581,0.028355514800163517,8.584061263801763,0.42428051230450803
23,Karen Moore,32,60,153,colleague,0.3089161963384253,0,2.760350257859399,3.2377146196202244,1,1,74.17180569541495,14,53,0,39,0,7.456652750339957,4.762459654232503,7.780170393142027,5.132379576091917,0.4781529318730652
6,Elizabeth Robinson,58,69,237,acquaintance,0.6860044105232933,1,9.986574173348606,8.472985431672427,1,1,71.24013148970964,-7,21,1,28,0,3.2211181974632606,1.4833382566036457,1.2619158830505606,6.243174942812079,0.4735305493464522
77,Richard Jackson,58,69,236,colleague,0.6033306446914082,0,8.034412884465638,1.1441407243007962,0,0,55.133522838979886,-65,55,1,120,1,2.284935743645844,3.389316188351752,4.534989029074473,4.159896502614952,0.2271829039481233
33,Richard Rodriguez,48,64,241,stranger,0.34027998488198863,0,1.3856859661849352,0.9656443256578562,0,0,55.63707356153501,30,124,0,94,0,6.700132647322958,4.108086329221582,8.736073722343185,9.411298688522297,0.4370435465438689
37,Betty Johnson,63,69,210,acquaintance,0.36216033955478005,0,1.9699366706534835,4.821893962043886,0,1,55.62654761043269,-91,-10,0,81,0,5.741000043314627,8.072213711523444,8.45155161328358,9.745466021257082,0.445584400239598
4,Daniel Garcia,63,68,127,stranger,0.40824964317651263,0,3.4353545438841464,3.398246567772584,1,0,56.63210947613763,-18,9,1,27,1,6.331720126555139,0.3065709838090591,7.461117620057067,2.1513288003351096,0.4198593113707056
40,Linda Thomas,45,78,141,acquaintance,0.8300053107110061,1,7.667140851687361,0.4976249243295716,1,1,42.401477311299516,-7,109,1,116,1,7.549431436683706,1.1381750811020175,4.299136333978904,2.8324647008044934,0.35898704516161223
6,Lisa Taylor,39,72,134,friend,0.3046122515399297,0,2.5067228025929666,1.37234805257327,1,1,0.772990656931194,-10,44,1,54,1,5.325823478674238,2.3011071607665965,5.587235676747127,6.68048171745242,0.27437575496342737
56,Betty Johnson,26,74,139,colleague,0.8172660081672398,0,5.947296968415509,7.094989615689342,1,1,2.085655902474881,-37,16,1,53,0,6.181252633042402,8.320259130717071,9.197697517413847,0.8812988129788468,0.38023210478137043
68,Christopher Jackson,30,72,199,rival,0.7474828958787618,1,7.901619751731014,0.7637937747302115,0,0,19.390370626690036,-31,68,1,99,1,8.18948601524852,8.150370057500142,2.362688489467243,1.4644421827769438,0.18964108230023113
10,Michael Clark,36,75,238,friend,0.7526674951481915,0,4.764599941453098,9.241542583856594,0,0,62.45217794418948,-40,8,1,48,1,4.689210835263733,6.313851200254294,7.963296791514281,5.91419756831021,0.4569567699861037
58,Barbara Harris,27,61,214,stranger,0.799017978997873,1,8.710375322289773,8.552933714560902,0,0,46.271165892727225,21,41,0,20,0,4.497337036509062,8.098159176979712,6.518374546486099,3.2152676288042836,0.10027346037456553
14,Mary Harris,46,62,249,colleague,0.6876762546862315,1,7.2224061910711495,9.909860226468876,0,0,36.38979596857128,-48,61,1,109,1,3.3836714684141955,5.978858623829895,7.892269315636647,6.473053569693069,0.3972959125305861
50,Karen Rodriguez,43,68,158,acquaintance,0.500017221636334,0,1.8435696155510195,3.4982078753584425,0,0,39.195798433536034,-99,-10,0,89,0,5.589220700910635,6.434932633613196,3.2847655425358404,1.2779376410034593,0.21709829488976515
66,Lisa White,48,60,212,friend,0.48531964203832856,0,3.7464572787497072,7.661562076678195,1,0,15.49451729444048,-45,-10,0,35,0,5.076897127246463,5.397707584136711,7.3864400300146755,5.265316295455954,0.5071125839156353
77,Nancy Brown,49,64,161,stranger,0.408507580301218,0,6.435034559562171,9.026559827144382,0,1,36.429941413076904,-60,63,1,123,1,7.52391165111486,7.838003594348427,2.3400294433542443,2.3916849724551947,0.44285113296333056
87,William Thomas,61,74,238,acquaintance,0.7616631311853457,0,5.277613569132,4.1866082672974585,1,1,60.46634475767503,-56,-33,0,23,0,6.411790362044472,8.74116945052237,5.545407454244312,1.0258973174840935,0.4725455674497496
98,Barbara Williams,35,68,235,colleague,0.8431837253869447,1,4.655989321852318,9.464132630117607,1,1,34.95850781386489,-114,2,1,116,1,5.020071146932354,2.357780738634326,9.945253512382912,3.7491267341776755,0.4815108258815346
84,Jennifer Lewis,46,64,155,acquaintance,0.32298191467022624,0,4.988321863954393,8.311104859321764,0,1,61.53482571635484,-100,-86,0,14,0,2.559239284370447,8.34963099282381,5.488042454438355,7.272347853249318,0.39479057146559743
39,Barbara Wilson,32,61,181,acquaintance,0.5518953262520658,0,4.842579358046263,1.10857895290015,0,0,1.6435352205894427,11,82,0,71,0,7.185443277923527,2.9127198777525787,0.01564335933398997,3.528160396260338,0.1956618152193275
11,Lisa Rodriguez,58,71,137,colleague,0.872042206791309,0,7.970917190530517,5.076225888293382,1,0,4.353442516677664,-21,84,1,105,1,0.16242231108947625,7.885200162795153,3.448024931633913,7.329410214506416,0.36526127436308914
18,Betty Anderson,27,71,206,friend,0.7881053193336529,1,7.901854638043674,4.646228997470377,0,0,81.14976818476065,-104,23,1,127,1,2.0159099283670088,7.911092132290439,8.85790385618105,3.155958200497253,0.3646825107657738
33,Karen Martin,27,66,193,friend,0.5141845056212181,0,8.725083632241548,3.3192468638134454,1,1,88.94865170122814,-8,100,1,108,1,1.8681721758993874,6.92068491112615,3.6734692695968194,7.972908803766656,0.472288388806642
11,Betty White,52,65,195,colleague,0.4927268569287564,1,6.778732603852298,3.0649585609075247,0,1,68.97648084454863,-31,93,1,124,1,8.70037175056392,3.525593103084823,9.98150597773049,2.745553600748576,0.34622326780989465
47,Daniel Jackson,57,65,127,colleague,0.38566768101752985,0,7.922463712562932,0.34798965798542025,1,0,36.63284731071486,-22,-4,0,18,0,6.050948288547855,6.790620569133949,9.488235292655565,3.720133784706837,0.39354586047419693
51,Charles Thomas,45,68,183,colleague,0.8763120313589958,1,2.267456469989699,5.17745274208392,0,1,77.49644835314882,-6,58,1,64,0,2.85576877698158,9.164789095418813,4.912001952542241,1.2263742190397087,0.3218401666382815
12,Matthew Harris,45,71,136,friend,0.6299982884921344,1,3.3495884432490133,1.575052493200384,0,0,17.409100974870007,-28,112,1,140,1,9.851325467301933,7.9206567361114075,2.367361842868705,4.940219374469223,0.3042964795031156
71,Susan Harris,33,62,136,acquaintance,0.48557443051707727,0,7.329261768961835,5.256956548303001,0,0,7.375071291123902,-39,-11,0,28,0,4.499744956629961,6.801089906495809,3.4451478070269967,8.779601516504117,0.33546845724670155
56,Linda Brown,57,61,151,friend,0.6108612797544097,0,2.038686115781047,9.347378366390775,1,0,51.889779340420596,-48,-18,0,30,0,2.5060530898199906,6.350570913877459,5.508414154831397,1.251702951269027,0.4587962263772394
83,Robert Thompson,35,78,159,acquaintance,0.40272037383347536,0,9.069008490061906,3.376195866058022,0,1,86.37811916200332,-100,-79,0,21,0,9.485468539703914,7.710223687944653,2.6465590783305446,2.1080837970196455,0.08331735673264924
64,Daniel Smith,65,77,194,friend,0.6851443735807397,0,2.826340151164959,8.073493144287976,1,1,68.86135716729837,-80,42,1,122,1,4.64442157775335,3.4019256835177734,1.4366869116263459,8.614850768324947,0.610129963220682
17,Susan Jackson,48,76,147,rival,0.49146953184189435,0,3.040980907314733,2.479188825255456,1,1,38.414983350160604,-13,60,1,73,0,9.023108270741973,8.134778464394495,9.337515352494048,7.211284288221219,0.5184217150444447
60,Sarah Thompson,56,69,247,friend,0.3139057789298106,0,5.30172239872583,9.666866305524755,1,1,5.054040462789189,6,136,0,130,0,2.8574838144101755,0.08177405947240923,1.0749708437120742,1.3393494399231465,0.39379842068413096
6,Joseph Thomas,50,61,169,friend,0.5175142655665708,1,4.170313837307896,4.503543806404181,0,0,62.32415786415236,-90,-48,0,42,0,9.75082815413784,3.9390371272860714,7.948972283809458,3.390852999525653,0.46331546249329963
66,William Robinson,50,76,130,acquaintance,0.32718201148024484,1,3.6638867008512883,4.7374415039519,1,0,51.55057321472539,-37,54,1,91,1,9.9061573756114,7.393193605736041,2.992343425283183,3.3637345215167835,0.462495796980067
39,Matthew Martinez,55,60,214,colleague,0.49874375614735356,1,4.457132559606212,3.0767783371176427,0,0,62.92604806024369,1,78,0,77,0,9.670706961720509,7.829039914314214,7.761620251720721,5.776343958641829,0.43354362150974957
81,Linda Thompson,64,72,157,colleague,0.7929967746767115,1,5.939417578339197,7.005209111414516,1,1,41.878029816919,-15,47,1,62,1,7.74972301807091,9.205209498972106,8.728177089123204,7.358372712686814,0.5628871319056163
72,Charles Miller,45,75,216,friend,0.48825155924269026,1,9.165179528778099,3.4232701768184617,1,0,72.09245613272927,-53,80,1,133,1,2.465191355273604,5.580866508074042,2.248670379928167,9.72910627590569,0.4589406498846526
89,Matthew Miller,56,70,242,friend,0.5092819045207839,0,8.05635088202217,2.7345753675542306,1,0,37.96941853743825,-19,79,1,98,0,8.046158339565704,2.9045265199293557,2.876303416141399,7.141412874983954,0.48187900794551264
96,Daniel Moore,55,66,171,rival,0.7967710221048203,1,5.839171186936105,2.716214667057466,1,0,23.928206594629607,-108,37,1,145,1,2.3283655980595275,1.001979590453309,3.302936234873388,4.724039070348807,0.2423904744989789
53,Karen Davis,55,75,171,stranger,0.7535466356452438,1,3.2114457423689227,0.5916258624149073,0,0,23.2220199221017,-111,-57,0,54,0,4.178849822450053,8.376048890932552,9.339226105782002,0.3633984921255551,0.28270210097678244
38,Linda Lee,27,60,196,friend,0.6407771211986972,1,9.83844193952456,2.8456165235004627,0,0,49.391242034181914,-86,53,1,139,1,1.9281139827380978,1.1264676102015447,1.6249426253973864,4.589144710323612,0.28259353079053345
44,John Lee,43,78,169,stranger,0.40529694830307883,0,9.021906236947764,8.269898252763095,0,1,66.92558534099543,-73,-28,0,45,0,4.7745409848989295,9.358253870013884,0.06830120539555451,3.8357439067603085,0.1507513303562914
75,Richard Taylor,61,60,186,rival,0.6922100202421193,0,1.090181152105093,1.1822484780397258,1,1,50.25204712383896,-41,-1,0,40,0,6.387113251993833,9.406356237459004,3.6754390310217024,2.2084923996872154,0.35348027914908353
78,Thomas Lee,48,73,240,acquaintance,0.7544103139825956,0,8.34323333632134,7.618596199711071,0,0,78.73706898232572,14,138,0,124,0,5.281731240731934,3.6178486852424374,9.172447067809754,1.1220879153727026,0.18057763204796173
69,William Martinez,34,65,203,friend,0.8126916044369707,0,6.9628047604211725,7.169179661806499,1,0,44.54826921872205,-106,20,1,126,1,4.154245738446598,5.639111850987134,5.587971989987663,6.727677122273694,0.4978637717227643
1,Joseph Moore,38,78,138,stranger,0.32717388163669725,0,1.1057191650647904,9.941236604769202,0,1,93.37755625849307,-112,-29,0,83,0,4.088669358192483,7.689720625834827,7.658276829237117,9.78333284924101,0.5059376644036047
49,Joseph Harris,49,62,154,stranger,0.6921204590512213,0,2.195499475539061,5.372584863980013,0,0,22.269021596626647,-120,-105,0,15,0,9.78490682679139,4.630039011947799,7.19093975010852,4.241280297334016,0.4396923067830568
45,Elizabeth Harris,34,68,168,colleague,0.8624462166810403,0,1.5720240682815345,8.094781835391945,1,0,88.37566218453745,-116,-45,0,71,0,2.0608162185021417,1.0089671309250703,0.33576275754280793,5.977848967315527,0.41942133325597536
57,Mary Jackson,39,77,175,stranger,0.7526314252483707,0,1.8312879635915937,9.934834412430483,1,0,57.6110335580287,27,119,0,92,0,2.369040347767206,8.762583221738073,9.856955607251258,5.212510542649235,0.49221511289211506
76,Mary Garcia,36,73,246,rival,0.328130458171473,0,6.611502620412066,3.8115463246259527,0,0,40.825917682958845,-44,62,1,106,1,5.379282643908175,2.4096818901107406,2.2534454837990117,8.575412385730207,0.37821297476230475
53,Mary Garcia,51,77,154,rival,0.5330514292844766,1,3.637498439428997,0.7907043339480535,1,1,53.56355363472156,-72,-49,0,23,0,2.684615878549812,6.736719206345785,6.029220449890759,8.736204584895397,0.4271732128693554
86,Christopher Lee,60,66,242,friend,0.4253334531313502,0,3.3802862434959975,9.08994160706801,1,1,74.1475203017266,2,74,0,72,0,6.9562628570498175,7.037685826757039,3.9663205977623504,2.3933095896303125,0.5560054265613967
69,Joseph Harris,47,69,186,acquaintance,0.5157867707885051,0,4.92703863558753,8.02816621820021,0,0,32.0233284788806,-68,36,1,104,1,0.45715447981094726,8.640848414694823,7.41252378716489,0.16219901001260473,0.36514786112726416
54,Christopher Lee,43,64,170,acquaintance,0.49791917158671595,0,8.416945795226358,4.993014823693224,0,0,25.732675763488277,5,140,0,135,0,4.608289984482052,7.327722370250188,3.5217616833199337,1.399585285806173,0.09766326425082648
8,Karen Clark,58,61,139,acquaintance,0.867112866720539,0,7.761219013934182,4.123922224155927,0,1,70.71695637034598,-118,-53,0,65,0,5.057329196930651,3.732006926868119,6.17835235876803,6.667547295533397,0.44708704681455824
3,Lisa Martin,25,77,225,friend,0.30711058087673543,0,3.110037003379404,9.774793482325117,1,0,67.40329521192103,-75,-38,0,37,0,9.180488444590113,5.243854012258163,2.409688323135082,6.197808424119352,0.6088138504092911
11,David Jackson,48,72,237,rival,0.6390013094687814,0,2.6456438999605107,6.840416254703855,0,0,85.82191590211872,-112,-79,0,33,0,4.052782981042863,3.7716956848428715,4.760051001318911,6.367480755556388,0.3556491111064873
43,Jessica Clark,61,63,130,acquaintance,0.43785989826061,0,7.076733268289014,5.667841469906292,1,0,68.44287434636415,-49,100,1,149,1,0.32901780153471893,9.287663612546593,3.1448469322665096,9.614691898760059,0.37480232972339705
10,Matthew Jackson,44,65,181,acquaintance,0.640017551934647,0,6.931832175828477,5.405624310056107,1,0,79.04980852341498,-100,38,1,138,1,3.4585949818563777,0.9768578735804745,2.3214400439467022,0.760182465657051,0.4374511027428625
100,Nancy Jackson,45,60,189,stranger,0.7701288833882773,0,2.667314703615057,5.530377249504838,1,1,58.58751212110512,-23,8,1,31,1,2.9537948070507625,2.4644978130689656,0.7350668372242153,2.679720308946144,0.4027760813586632
95,Daniel Brown,49,70,212,friend,0.36393055062675667,1,3.4285408237948314,3.599174973468966,1,1,18.73917835278772,-6,135,1,141,1,0.262619040132972,3.5391428734525885,0.9306426045987415,5.980437977942729,0.34447243835753594
53,John Taylor,49,62,182,stranger,0.6431762584497238,1,4.116954223143059,1.3884005895941676,1,1,6.32671502769544,-9,71,1,80,1,4.842313139339285,0.7692136139515715,2.5169973778890284,2.4659006834700294,0.2954599687459527
14,William Harris,33,69,121,friend,0.8692940774367393,0,6.391825784809549,8.040764619573824,1,1,81.54754700030031,-86,0,1,86,1,9.472789220161161,2.0085148870207172,3.141832811954414,9.645746230947939,0.5581598514161284
63,Matthew Clark,61,67,203,friend,0.5256331813944883,0,4.2328837325248685,1.1388782361199812,0,0,54.56290854508221,20,36,0,16,0,9.53004611486296,4.616222228331485,7.0836705125606345,4.3845495430890855,0.4133572489260058
87,Robert White,56,64,197,friend,0.4452127006024793,0,7.294745717344549,7.890767632200629,1,0,47.92346997726262,-18,128,1,146,1,9.203921844782958,6.9170886589810765,5.436452033874777,7.9072091704925915,0.5783111732863979
82,Karen Robinson,30,63,183,acquaintance,0.6945609867484595,0,6.64649855584234,0.44296693527849595,0,0,39.96177462250823,-36,84,1,120,1,0.9860655858172751,2.2200107954946335,7.468530276328158,5.579934163430206,0.20397389655084197
60,Susan Jackson,62,76,158,stranger,0.5069804325597109,1,1.493218901057586,4.159754285257126,0,1,94.0676158146193,-84,15,1,99,1,4.553326352258771,2.068673262083145,4.829259987793884,4.761625312091635,0.6082990914919562
9,Thomas Anderson,44,61,149,rival,0.3135510691218674,0,1.5389454769553512,8.000501257505572,0,0,51.599390189687334,21,71,0,50,0,3.309896555531692,4.263693836216823,4.620541574944223,7.977557883042651,0.350388380213033
51,Lisa White,26,66,235,acquaintance,0.655321895016221,0,7.194988351617477,2.057844793673219,0,0,6.2563751469164375,-94,53,1,147,1,3.259849115988185,4.575504222061855,2.623533954523609,8.626365474573074,0.3123801668983959
50,Richard Robinson,64,72,149,rival,0.5087547824620526,0,6.364945453696037,8.137382542609338,0,1,61.448451571291955,-99,-55,0,44,0,3.1318574486569792,2.3857272643879055,1.1694890397075197,3.7330607096431057,0.3492252978264533
18,Jessica Robinson,61,72,228,colleague,0.41145221957565936,0,7.087612802028875,6.452600950799504,0,0,48.964202619220885,-85,-28,0,57,0,3.145800146608443,4.510009707466511,0.5361126263083682,3.5903917217136883,0.29899903186538795
72,William Jackson,57,75,224,stranger,0.710818002335992,0,8.478972119961615,4.886995119396857,1,1,76.10566185454242,-46,-28,0,18,0,2.7485291827353397,5.376086182048194,1.682089774365737,4.573213872734491,0.10994523690761027
15,Jennifer Martinez,42,77,213,colleague,0.6252260274705779,0,7.720039243476929,4.413665797289704,1,1,73.5988697633674,-57,29,1,86,0,0.32230395449193816,2.6281522474122765,8.621996254975242,0.8698300599358899,0.43067063613069484
95,Elizabeth Miller,62,71,229,acquaintance,0.39958897061415555,1,2.462886733774347,2.06942720751766,1,1,28.108501879019798,17,70,0,53,0,3.2365361585468166,7.040537617551886,2.893332434649436,2.6734306627808015,0.3759673943888615
18,Lisa Jones,51,61,190,colleague,0.8202285542602672,1,8.72774855241599,2.496772419381398,0,0,76.14735874798569,-20,115,1,135,1,6.3240198246178885,6.278128207789741,3.7517232784622703,0.7551627333184896,0.30119935877323767
89,Betty Moore,48,74,244,stranger,0.4963735680965582,1,7.854285259158086,7.32724026539487,0,1,66.41438208318425,-29,-3,0,26,0,7.956779266478453,3.977158681886638,9.681285800758236,8.24847647636022,0.46880583764259665
71,Barbara Anderson,61,64,244,friend,0.7729821920860095,0,7.741413213013767,0.4594292565863378,0,0,1.6281352372744418,-80,42,1,122,1,9.918382388206702,4.277993008667096,9.956940687342872,9.09407214313098,0.30412051187166855
84,David Williams,48,68,141,stranger,0.5231062605880594,0,2.072488252013766,3.963415669322332,1,0,23.414384148441947,-97,-63,0,34,0,0.01086303691723689,4.768067082609141,1.326997920399866,2.26190861459406,0.19778314688219262
16,Matthew Anderson,52,64,242,friend,0.34249698324030725,0,7.442252126757725,1.0242717044950667,1,0,13.712929474354564,-86,-40,0,46,0,0.6841160752257902,5.63291214469632,6.10319239273818,1.6411654979064627,0.29034865091916645
20,Daniel Lee,51,74,175,acquaintance,0.3520128200795931,1,7.648233642205548,5.895739177615131,1,0,31.450366818216935,-85,-12,0,73,0,2.7696765694484538,0.8424871599798667,5.533966317847301,6.000078672258528,0.3744231281012652
85,Matthew Smith,44,66,250,friend,0.4131879139595194,0,6.638612859088232,7.838015995764177,0,1,38.588557476359355,-59,78,1,137,1,0.7101200169538324,8.887245280869077,0.12067012391109189,3.6109820704105786,0.22204859877601857
47,Christopher White,59,65,240,acquaintance,0.872671790364532,0,0.658549316823134,0.6753256927276718,1,1,6.046885958820569,-19,120,1,139,1,7.1262907610125055,7.671100006657242,4.235752351716952,4.0227741064449996,0.32961815305935305
11,Michael Moore,44,62,250,colleague,0.8525549152636416,0,1.976082746652563,3.2675029628523813,0,0,64.98395329792476,-104,-15,0,89,0,6.9867588160549134,7.299583774315415,8.464681151407763,0.5790594402313043,0.42187848207843776
79,Jennifer Harris,63,61,199,friend,0.6996477473155864,0,2.168636084606562,0.12664971559499194,1,1,49.64129325227156,-32,111,1,143,1,8.225068727192694,2.5924696152629667,3.7186943089165236,7.49776384093791,0.43984216319505476
43,Jennifer Smith,52,68,136,acquaintance,0.45776979049588695,0,6.461561912537852,4.961475689351392,0,1,85.93597826874712,-78,26,1,104,1,7.733289532579847,8.94268420144262,6.74120431563097,1.1533360353413535,0.3338863823663808
6,John Wilson,55,71,218,colleague,0.8521359271559925,1,9.623250381247024,0.3536357397485357,0,0,65.57032944215037,-63,29,1,92,1,9.15854764880895,3.199351375643756,8.259969955525328,5.715359626174581,0.38100028125005253
29,Mary Davis,58,61,222,stranger,0.34135586266364704,0,3.181915270898573,8.44846504261328,1,0,0.7969173557455522,-69,15,1,84,1,3.0390930726808296,6.2271752389210455,4.639266905804993,5.9169093498481615,0.4782698708230748
70,William Lee,40,64,121,rival,0.8594385195227092,1,5.644679399512895,6.359418395129889,0,1,33.50173682083341,-24,64,1,88,1,5.298144890600125,2.3816759452086567,4.920288768498976,0.5989507565318963,0.3500728862044123
30,Robert Johnson,58,73,215,stranger,0.5750748171264892,0,6.017320960074525,5.054277638607758,0,1,59.18957633362765,-105,16,1,121,1,1.3070828644016186,2.916760240569035,8.509137057886191,9.260419517816366,0.4097919441061407
41,Betty Anderson,53,68,179,colleague,0.3448124614814878,1,7.9094013334541975,5.847080358041289,1,1,46.60551124366618,-16,24,1,40,1,9.646347222502287,2.0763622561035353,3.083077182125046,2.6500792691470823,0.39881737035050197
91,Lisa Taylor,63,61,175,stranger,0.8015548505927919,0,1.3665225860178118,2.482187894612551,1,0,67.71833769890718,-54,0,1,54,1,4.043922264471746,4.522011694010627,7.480784472087092,2.4985262822155105,0.5152861022992768
2,Michael Jones,28,67,153,colleague,0.4188798211083118,0,7.019709989337821,9.375748980394379,1,0,91.74285815115802,-101,-86,0,15,0,9.971614261304738,1.9775033669543318,6.459868955867836,8.09298665291008,0.7025715760502085
6,Richard Jones,54,61,163,friend,0.8544790353203604,0,7.382093047741708,4.961263912132553,1,1,35.394325267312,-73,7,1,80,1,8.83423798893626,0.34649443731505913,6.191765488458958,2.4578477924524544,0.446933652616764
8,Karen Martin,30,68,218,friend,0.38234161027923885,1,8.904198904137168,5.258140582527798,0,0,79.48462443018703,-23,78,1,101,1,7.8143510583549345,3.4403411978987606,5.6565111504788135,3.2160441866801137,0.36597869450635234
29,Richard Robinson,26,68,134,acquaintance,0.7851923301437407,0,3.895612480379645,5.839889198512267,1,1,24.785705400157287,-59,19,1,78,1,7.912372121010681,7.370601375096191,7.64049723717511,9.47802478219655,0.5562135896347442
23,Joseph Thomas,36,67,201,rival,0.7837261352156331,0,9.182810039221076,0.2820656972715907,0,0,56.36064867831937,24,82,0,58,0,8.36696840733336,8.104011631133135,9.70387708337804,5.421246015209933,0.09808728402549585
30,Robert Johnson,63,67,125,acquaintance,0.6158691084891066,1,9.220013766246142,2.0146438335214114,1,0,91.8780787307206,-38,-13,0,25,0,0.21912896243572288,5.866091750912094,9.172241474811186,7.743664988198919,0.17213389331831017
91,Robert Thomas,50,78,145,acquaintance,0.5019366426844827,0,9.77067637813305,7.323520254246408,1,0,48.720001912996366,-39,15,1,54,1,5.619773096856504,8.89600216812232,6.137089862450345,3.568255470934302,0.5155649814050941
94,Joseph Taylor,43,64,165,friend,0.7372985735615994,0,9.512632518574078,3.916014272776019,0,0,3.2382742927087427,-39,27,1,66,1,1.0411023301398592,4.9618505791309,3.3116842616605258,0.7780663846430125,0.25519432461605096
12,Linda Clark,65,70,234,colleague,0.3068373721772988,1,7.085172725052017,3.5048116189731604,0,0,4.814745773328166,-8,109,1,117,0,8.845519975872275,4.9308199347384765,3.78712574774259,5.460239676784543,0.3627960789542133
98,Christopher Clark,39,65,235,acquaintance,0.3442256337368245,0,3.3016318246032363,3.1871690795665755,0,1,17.01052031511907,-24,27,1,51,1,5.470462586122315,8.981241731199734,0.9310468538068661,5.940305440520949,0.32282045585669317
56,Matthew Smith,35,73,160,friend,0.33213344559635727,0,9.75678499642648,4.092798657506458,0,0,54.01254316066561,-48,38,1,86,1,0.49635443038509863,5.717698078577415,8.39854504845651,1.535899345167342,0.21221117579442772
85,Robert Taylor,65,75,171,stranger,0.3581921384888993,1,6.562811261208421,9.770576959992654,1,1,78.48765730669152,0,135,1,135,0,2.6500439711762125,6.418663825402112,3.875271170204968,3.7102052484074743,0.46863843191072546
34,Thomas Johnson,53,74,187,acquaintance,0.4357453681696002,1,1.0855740117709434,7.522351421152871,0,1,34.37913865460467,18,133,0,115,0,9.707055371735757,5.8972644230360345,5.536019061579088,8.407971664302504,0.4449216392108681
61,Karen Rodriguez,61,67,241,rival,0.47931126540432145,0,8.612428305938126,0.34728493557136253,0,0,57.148540524791834,-83,-43,0,40,0,9.49254816451585,4.490397361880464,9.490614830282926,1.6716478744272045,0.16169214426387263
55,Michael Johnson,30,73,171,acquaintance,0.8983615360672654,0,8.42402712742204,2.5788635998777654,0,0,6.7011953048612405,-21,90,1,111,1,8.566241806462468,5.196881775420693,9.17161910783248,0.12363797326018111,0.31201775985014035
54,Jessica Jones,34,64,145,stranger,0.8549569000555641,0,1.4594092068417623,2.8609285404887244,0,1,41.08900372992205,-22,112,1,134,1,4.730466159989362,1.7219972815673157,4.029739584315767,6.182444886017983,0.23650118213804894
31,Richard Lewis,28,75,188,friend,0.8382188172896536,1,8.265166290400137,3.0305495344809663,1,1,69.61828446749749,-95,-27,0,68,0,1.3438552096844048,9.742194246033105,4.431106133314289,8.258233317797504,0.14575988265391102
12,Nancy Clark,37,74,174,acquaintance,0.8480596832512444,0,5.102373132222788,5.1650141825667735,1,1,79.14903920812341,-104,-15,0,89,0,7.095693983643895,4.033851410124437,7.80516429627652,5.242862170884951,0.4463288232272961
8,William Miller,40,61,236,acquaintance,0.33033556901528416,0,2.3915428377895513,3.6835192757477078,1,1,92.30735683729712,-113,-42,0,71,0,3.7246676153530722,5.940435934521513,1.7758369416386166,8.704807719184629,0.4572628441029585
34,Susan Davis,30,69,127,rival,0.5319394024445908,1,5.936451579692857,9.64917609202255,0,0,67.76952460909708,-52,62,1,114,1,8.646299301110481,9.671383557287806,6.821997315354494,4.740972065293448,0.5194261506960176
29,Nancy Smith,41,69,190,acquaintance,0.5542840803957715,0,3.8127373930847726,2.51998709277876,1,0,82.43108214706636,-19,17,1,36,1,9.994293798681754,9.664854544645841,8.393784193264676,5.6145711725460075,0.5400729891745301
14,Barbara Rodriguez,55,62,206,friend,0.8930165794930605,0,8.68417020239239,2.6114690792649684,0,0,29.879111191898645,-82,60,1,142,1,8.996870447454949,8.054298226335298,8.023637444528116,6.000333011455716,0.3972945411946902
84,Betty Smith,56,69,186,rival,0.8441469375129,0,7.498954909559567,5.830237024133575,0,0,34.31670496355732,-64,82,1,146,1,4.757352017352469,9.406679546227192,3.5849713167037702,3.001948285506609,0.36451298653364506
38,Karen Davis,31,75,152,acquaintance,0.7445513349413209,0,5.810800733027778,9.12624762826177,0,0,65.44346443511532,-64,36,1,100,1,8.714322321644817,4.20472568184811,8.868435496935035,3.716824297648611,0.4647874862100233
7,Jennifer Martin,65,78,138,stranger,0.5833318094436499,1,1.6382514032813054,6.806977643196971,0,1,87.08491463530046,-82,-37,0,45,0,9.923478528879329,3.426698849290001,9.871915993795065,8.92845123310543,0.49757486521701677
100,Matthew Davis,30,75,205,stranger,0.6786196633576171,1,6.527740206950375,0.04713501423993849,1,0,16.860575658290767,-80,55,1,135,1,7.797524563077191,1.2940595756828588,4.3371141428863655,4.2940972300912055,0.40835887776379987
5,Joseph Smith,59,66,215,colleague,0.8700411692890992,0,7.690053510782661,5.310337855709843,1,1,73.3603240913325,-63,35,1,98,1,1.0270822333954621,5.033364786853692,3.0611509209141277,0.652870224702643,0.33445495073504716
94,Barbara Harris,58,76,206,acquaintance,0.5601991380213531,0,1.7709995862540744,9.961389146848305,1,0,16.48835088914956,-17,-3,0,14,0,2.284182848358255,7.271688281363213,1.3120577641718256,7.3407661931152095,0.421534677296074
92,Jennifer Thomas,27,72,185,colleague,0.7627497980061178,0,6.14227864481108,0.4796037571109768,1,0,4.823505647294035,-91,25,1,116,1,1.2359506299557077,2.5273829306957376,7.018682148540548,2.0549491565817615,0.2255701893473833
85,Lisa Jones,58,68,155,acquaintance,0.5512954510628554,0,5.360055471422367,6.176979550550473,1,0,49.77390631932516,-69,8,1,77,0,9.731197223191945,3.5792183655080754,4.0975623052828904,1.6037359863076883,0.4692213408576892
62,William Lewis,46,67,120,friend,0.30764964076116585,1,1.5490937153600564,5.7415276519225475,1,0,77.95262225844364,-101,-66,0,35,0,9.04779383956582,6.443367915686986,4.567512347449804,9.77290952921079,0.5526045661624673
6,Jennifer Davis,43,71,200,friend,0.5555971238249847,1,8.586836056433157,8.90292011543282,1,1,64.71986261793396,-36,65,1,101,0,9.550891564921068,2.6830939858016025,7.330679453384229,3.7262215327444883,0.5217039565866419
59,Joseph Jackson,42,72,242,rival,0.7799394581693702,0,8.070640791836365,1.1305655637764611,0,1,94.24669879999,-80,-44,0,36,0,4.1602771663089655,5.907503029903385,8.02264784045096,6.783931362492055,0.12226463165842112
4,Susan Robinson,33,75,244,acquaintance,0.36776248762426045,0,0.936737091106865,2.6161286722848986,1,0,67.79289210201644,27,94,0,67,0,9.778955575507984,6.698443582143154,3.383006417684232,5.231031752246739,0.401139493639991
32,Lisa Lee,55,71,218,colleague,0.38919267135426255,0,8.974587875485572,6.129140112889269,1,0,50.55675718847332,0,136,1,136,0,0.7486524247698478,4.916479611444013,2.4089181669723114,9.701450487834002,0.41451138848325697
49,Karen Clark,50,67,140,acquaintance,0.5754567568489412,0,4.756936563821052,8.565892241780173,1,1,49.737334806650104,-116,-80,0,36,0,4.034396589721631,0.358319324041233,5.490987896931895,8.259087584234441,0.5710622355626737
66,Daniel Taylor,60,66,236,friend,0.8702130779960195,0,1.0156145264028944,2.229181143963146,1,0,61.97579696770843,1,104,0,103,0,7.159135002831553,1.140233583557383,7.593199510791171,2.2174710782019003,0.4054745050543308
71,Daniel Taylor,58,71,147,friend,0.32746686591302054,1,1.8342672795613644,7.168561126478828,0,1,61.08517661386838,-72,-32,0,40,0,9.302162591531452,3.9289648991517345,4.570460082929889,7.8142040364875465,0.40769875498066516
82,Jessica Johnson,62,63,235,rival,0.5744327261676938,0,5.289876973472849,9.638547561975466,1,0,55.32263289042434,-10,123,1,133,0,7.810814970818334,9.101814864367428,6.918177126240312,1.7365027018259949,0.4694656853410268
78,Lisa Robinson,45,76,218,acquaintance,0.5511988475002383,0,7.0788975860369145,2.4823878909346364,1,1,29.41735420588083,-86,-41,0,45,0,4.127454728076193,7.000142848971251,7.484268658779161,2.989131349554243,0.4149594321340318
71,Matthew Lee,65,66,171,acquaintance,0.42582761775330114,0,7.022807324530847,9.21191764417095,1,0,97.51794931167844,-75,63,1,138,1,6.368774348674818,7.1035272714052535,7.607750248330667,5.622802114514255,0.6030657440614005
54,Lisa Lewis,59,69,228,acquaintance,0.7849828675960177,0,0.7400853419174848,1.4532671163279554,0,1,75.01850186700537,-79,4,1,83,1,1.4642839014069597,0.6203282393958298,7.843574009473664,2.040009033202673,0.5048459574863491
79,Thomas Jones,60,67,219,stranger,0.4425572835397227,0,8.08880664865092,2.8763865450722026,0,0,38.75546486419903,-40,-17,0,23,0,0.12965237674638308,2.513411283723057,6.20561695611849,7.809248928758854,0.1659966963910289
91,Daniel Lewis,48,78,170,acquaintance,0.7656880470733993,0,3.2946883571426695,1.7742589848826318,0,1,17.379513185530516,11,51,0,40,0,3.771982270526456,4.285078144007342,5.56598620595333,1.3006653011537228,0.27456842931262804
60,John Anderson,34,61,159,acquaintance,0.8571769430754932,0,7.849779023659435,6.253666625589778,0,1,78.99081824174299,20,121,0,101,0,0.7288079547905502,7.076815613944754,5.253950671848804,9.569877176275037,0.3261567698820795
54,Charles Davis,59,77,223,friend,0.3551673323634399,1,2.5268611967688615,3.318835149039815,1,1,75.26556895545168,15,146,0,131,0,9.966310826043387,8.236884009252023,9.811331976152966,0.08803696295037411,0.4857419783501905
80,Daniel Robinson,40,61,202,acquaintance,0.5288235645708401,0,1.5770532612936294,2.565905566531219,0,1,51.68678225734015,-25,116,1,141,0,4.45556897571718,0.43851660910501744,8.982816089058533,1.9251238793367709,0.2535948868698202
99,Jennifer Davis,59,77,121,colleague,0.67615984558525,1,6.480387597151336,2.1317513186447954,0,0,20.557956798191523,-9,19,1,28,1,1.5375457721764552,4.592252352600417,3.317153754672878,0.8752089793419859,0.13533409360905327
10,David Garcia,61,67,186,friend,0.5445796670974759,0,4.342256196690633,3.1640424591966685,1,1,0.5898927460780246,-104,-83,0,21,0,7.008820313830021,0.7258944479897711,9.280477501663338,1.0613554186997254,0.385993891490133
49,Barbara Harris,50,60,241,acquaintance,0.39379408448994646,1,7.594162160265664,7.9677043704304555,0,1,63.4045669019785,-44,61,1,105,0,0.11150207769305864,8.747669276227782,1.4137386622455084,0.41773140467925574,0.3010890644245454
11,Karen Garcia,44,66,208,acquaintance,0.4270421657531909,0,8.588859087744732,1.424551171135482,1,0,25.274177785460804,-91,-35,0,56,0,6.709779113505784,5.672926444728011,0.5438830592772148,7.51041814180984,0.09225304073791879
38,Karen Williams,29,68,145,acquaintance,0.4184505554687496,0,9.539629110269873,3.5713835901182245,0,1,28.51371438765211,-103,-44,0,59,0,3.177859372337254,4.50645978214935,6.163424302594532,3.0567548940672076,0.030478992410826678
41,Christopher Thomas,52,65,121,acquaintance,0.4879288684405765,0,7.265891708644136,6.408385443398659,1,1,67.95801798475742,-36,96,1,132,1,3.5874160211359674,3.054717964453353,5.516718261601971,1.7577016089522535,0.3712158084136774
69,David Brown,37,68,139,rival,0.7364552203211187,0,8.571079092608347,6.316264944612549,0,0,76.9200254902514,-66,-47,0,19,0,5.515939985261583,5.434693239181185,9.987281750118518,4.721039507829259,0.07316372602060191
94,Elizabeth Martinez,43,64,238,rival,0.6006739028263628,1,3.956722801704623,0.10591683258700968,1,0,98.1853199109703,-78,63,1,141,1,1.592224179144589,5.663572545998679,5.658125330464042,8.721951541880932,0.44394641283568803
6,Sarah Thomas,39,75,179,friend,0.33771669684808153,0,0.9066801879671453,2.0677407471750096,0,1,46.967422901020896,-4,17,1,21,1,6.485247487133079,1.0322501289648,9.684414008362062,6.335669817749199,0.4185914990759463
70,David Martinez,61,65,216,acquaintance,0.6922051878803306,0,6.706697192290073,8.354690676766445,0,1,90.72424264468196,12,125,0,113,0,3.528980077597257,8.677194218712472,4.8686156267417555,4.821100897131259,0.3550445974331635
22,Michael Harris,39,62,191,rival,0.42691026248145286,1,3.941117970043365,7.173027084540954,1,1,81.117262937296,-91,42,1,133,1,4.790211633645292,5.907908988091815,6.472592341405525,4.1089920716320005,0.43354298640118805
21,Christopher Martinez,33,76,130,stranger,0.8344786028814435,1,2.0802429799248765,9.22446870655101,0,1,96.9243687120115,-116,-34,0,82,0,9.47253868622694,2.1659341789188504,6.065258979259119,4.714134549148559,0.4801669031131181
19,Jessica Robinson,62,65,250,rival,0.45871241912717386,0,3.755377108323153,4.534701451400918,0,1,38.54618827418476,-93,-79,0,14,0,2.0234854908817512,8.595916920106054,5.043595260707127,4.197950126716061,0.30331678936918294
79,Linda Martin,63,61,248,stranger,0.7514298906215269,1,6.764229806051581,9.019847557207543,0,1,93.77348406230689,-10,133,1,143,1,8.748243007320037,6.976428071395793,4.289562644771206,9.384216278962805,0.5806283794832371
76,Joseph Thomas,61,63,228,colleague,0.3803298633747608,0,2.708872460915229,8.590532473014115,1,0,40.86467046872152,-72,-61,0,11,0,7.091488372061079,7.894224823051249,5.779871458004462,1.1782860398115103,0.4549131943606795
41,William Lewis,51,71,147,friend,0.39286714833708813,0,2.9095108992038474,8.549769262679286,1,1,27.556054287998876,-19,43,1,62,1,7.837884169635375,4.824677570068806,3.7021296887914703,5.549113562983285,0.5576545997393532
100,Christopher Thomas,50,64,150,rival,0.7486885170479327,0,7.143458701803007,1.6179511770813626,1,1,33.84378463093469,20,43,0,23,0,1.6073800913321723,9.645702513745174,0.052906334725719706,0.9108858423870403,0.24263100673948176
12,Nancy White,29,68,176,acquaintance,0.5225010756255972,0,7.382699777566619,9.30684991065026,1,0,28.64692338675694,-106,-52,0,54,0,6.40291314530137,4.389720485412358,2.017072428060146,6.568842227068429,0.4424023084648116
66,Mary Robinson,58,67,163,friend,0.704414628607308,0,6.722681634148427,9.75645900945699,1,1,39.94336899602984,-19,94,1,113,1,5.1774270098929485,7.36925540146395,0.6861717193705896,0.901658575951505,0.4580315008744772
45,Karen Martinez,47,68,177,acquaintance,0.6638180447953513,1,9.332281487715143,5.749067217458147,1,1,10.646495639257658,-102,36,1,138,1,9.470154651776625,8.029422425723574,9.567093495852752,8.76113046243067,0.4768006742712184
73,Thomas Jackson,55,67,206,friend,0.8767432351809687,0,4.8768441939128655,5.868265171499795,1,1,6.7554260661253585,-64,4,1,68,0,4.124259721893495,3.5309626546877784,5.356519073972343,7.008185523165542,0.36177788369598407
87,Robert Jackson,46,62,165,rival,0.5859332724535739,0,8.996004402266964,2.6907578246879904,0,0,90.99274589878878,7,68,0,61,0,2.348613719301601,2.420565178449637,2.6540537332578475,2.2920753212844245,0.16726694199233785
100,Susan Brown,31,63,140,acquaintance,0.705487274925916,0,6.331356265119648,7.64244212635527,0,1,48.22920812010506,-40,96,1,136,0,8.809872485473734,5.745193799493374,2.7473303296271965,1.8287186312969528,0.35687853663001123
17,Elizabeth Martinez,28,76,228,colleague,0.5869920459672261,0,5.273514515155889,3.937169228523979,0,1,97.65071952370418,12,139,0,127,0,3.1565126545139064,0.08418604819625419,6.741030604448347,3.7942800358688986,0.34721446882032353
24,Nancy Moore,60,68,180,colleague,0.46164493771498805,0,3.7594163714072066,1.839136741963775,1,1,75.21957633816423,-27,85,1,112,1,1.7988922872699586,1.3113916649872392,5.758927292079621,2.285667494996686,0.3919163273913443
56,Elizabeth Garcia,49,66,157,acquaintance,0.7800224749407825,0,4.993376733018826,0.09742291097397104,1,1,89.32704094751918,12,158,0,146,0,7.205603295246306,7.853329366938784,3.000341821534487,5.621384520717112,0.3512512386949622
21,Jennifer Lewis,28,66,185,acquaintance,0.5859236546112823,0,4.773620781106022,3.346565385145628,1,0,93.18445757777681,-55,43,1,98,1,1.2123748921670374,8.673685839741367,9.63116560917914,1.9895811063687319,0.44701412476794533
100,Karen Davis,43,71,203,stranger,0.7039157040884101,0,7.496998565240473,8.896324491382204,1,1,63.17121904834689,-83,-31,0,52,0,6.405806527116681,9.285666669710599,4.218164878433451,6.1231013813344815,0.5761852544231143
21,Robert Williams,46,67,200,friend,0.4901269450173368,1,3.04098771327106,6.446442931551882,1,1,86.28064836470026,-28,115,1,143,0,4.1398906087367315,1.83886199103384,0.23101092316507588,7.277724164324044,0.5310475906163716
11,Matthew Lee,38,65,221,friend,0.36180558843413163,1,8.847564276272543,5.484337438182938,1,1,76.49963721335958,-99,-63,0,36,0,2.6245226426498713,1.5527436200016187,6.548326755433498,8.854713170963988,0.045871191095406584
57,Betty Taylor,65,64,153,acquaintance,0.6160454027586479,1,0.8339723184981696,3.568412427631676,0,0,46.71934766693527,18,97,0,79,0,5.485452744725714,1.3511490799145587,9.484861321570193,5.392875684576976,0.38407436242616744
82,Daniel Lee,61,73,199,acquaintance,0.8453538910172953,0,2.657720224147467,0.8955402256444323,1,1,15.571753906885466,-118,-108,0,10,0,5.233162404252573,7.582934487458056,1.3630045461568918,2.867622484952058,0.2100097397622875
39,Sarah Martin,25,73,194,acquaintance,0.6582022513354513,0,5.708015859496719,1.8857097932499545,0,1,24.98961177711896,-21,85,1,106,1,0.7920973317503466,6.253230142560736,5.166100618581346,7.999590703096569,0.2942401206498559
37,Lisa Moore,59,68,225,colleague,0.4128003754622431,1,1.7979283128019814,1.1035635051796366,1,1,70.04725979473723,5,63,0,58,0,3.2064372315552383,1.5214930511736913,9.697162176293935,0.22130885615479823,0.3407523600060026
57,Michael Lewis,25,67,143,stranger,0.39041021621849314,0,3.7481721117519493,3.115766852030555,0,0,46.368446720342924,-112,-18,0,94,0,0.8022309723158394,7.5056958162519365,1.4608782571582746,2.665035782430537,0.15572042704172895
25,Sarah Davis,41,72,123,friend,0.37317693371146243,0,2.865142424818724,7.712253330273345,1,0,3.3510291570275075,-3,31,1,34,1,9.82115851405614,4.728255449915152,6.814423200578532,3.1210936558406974,0.4208347874233875
96,Betty Johnson,60,76,151,colleague,0.4519876442010533,0,2.3878745021227985,8.875195760435425,0,1,11.292845931623752,-9,84,1,93,1,7.943903973408046,5.846968600127815,3.958083002950532,2.430893332431454,0.3802795632975414
89,Matthew Martin,63,64,215,stranger,0.7624782000011798,1,5.249232462557515,6.8594464375559125,1,0,75.95601649964775,-105,-80,0,25,0,3.555176753146566,1.539184354344616,5.363533257802295,1.073916563825864,0.4031018306021096
97,Karen Clark,47,74,169,friend,0.3128116996105759,0,7.381791999786762,2.506962411006022,1,0,55.90247906350686,18,153,0,135,0,1.8977583621965144,1.8662672894910382,3.476646790182655,7.324024101227128,0.42401515451250893
21,Nancy Garcia,29,76,159,acquaintance,0.569630519877401,0,5.645256545302053,4.540789797955737,0,0,73.36577414388529,-116,-13,0,103,0,7.760165677979388,2.3878655821602113,7.210035626839232,6.582894173798199,0.4824736625504477
88,William Thompson,56,77,159,acquaintance,0.6678235454103161,0,6.588587332958195,1.1046413403940414,0,1,83.51933578982914,-87,-32,0,55,0,8.734927775805723,2.0207902868878214,4.853702872366953,0.9875358664853229,0.36460461649333586
63,Joseph Rodriguez,58,78,185,friend,0.32945137634733623,1,7.319529348412921,0.13086109833501447,0,0,92.8403719438369,-100,29,1,129,0,0.607001882860515,5.580198894700217,9.382438576998606,4.159532027097531,0.3481285868054367
35,Mary Robinson,58,61,138,colleague,0.8006738989229705,1,2.5510506006000493,5.194852731907311,1,1,38.53310882259936,-71,73,1,144,1,5.700276689628142,9.475033445574185,5.584234800129709,5.5814160715926135,0.476833561817453
87,Christopher Thomas,54,73,146,friend,0.40008559134212845,1,4.314793149341504,3.3751287056156896,1,0,44.30121699982878,-30,60,1,90,1,9.968503141749956,8.448540149012171,4.123432916714576,6.3324082218548705,0.47831916333214075
28,Christopher Garcia,49,77,185,friend,0.516005126960509,0,9.618332093748155,0.0019562785560844898,1,1,1.6302447897265537,-86,1,1,87,1,9.843944253168008,2.1482281279355595,3.1490467504934494,7.7152307198896946,0.4248940011726863
74,Charles Garcia,61,64,144,stranger,0.3226417800502619,0,1.8148778380258948,3.670828930260639,0,1,81.10742367826583,-97,15,1,112,1,2.1743728022475506,0.7720156553075108,3.2469205404001613,4.825331730611807,0.6238557866577328
74,Matthew Lewis,31,69,129,stranger,0.7384736171737664,0,1.2455352612671116,0.559227088233194,0,1,81.71417000465422,-14,26,1,40,0,2.2671767136215157,6.527791831603508,6.023016343165425,0.11434380962603519,0.1908696044298963
41,Charles Johnson,59,78,158,friend,0.49609897659302477,0,1.9553760847444697,6.736352423696113,0,0,75.28402030105306,27,166,0,139,0,0.9008295254473109,4.319356701506899,7.863682984882772,1.4801240065834698,0.2893282878495904
7,Christopher Lee,60,72,187,friend,0.35104739248094124,0,7.851338797284438,1.3037517489517414,1,0,48.78610998043328,26,86,0,60,0,5.611676098108055,9.970787669395488,5.242477822769123,2.4231509172651156,0.4032805361271191
74,Richard Rodriguez,30,63,225,colleague,0.554124361419384,0,3.5470144471003606,5.938771490410705,1,1,98.76519169637292,-7,40,1,47,1,9.242132069034273,2.3348959684137407,6.853592274622677,1.5599121717910303,0.48266918390929464
80,Mary Wilson,34,69,123,colleague,0.5059628234526301,0,3.3986214755146564,4.711903037335583,1,0,21.18753135487538,19,162,0,143,0,7.503551487524658,5.488000548111374,6.230419928574829,9.92302128235604,0.4518647312079352
6,Lisa Thompson,41,65,135,stranger,0.47040812462879444,0,6.370665375718279,0.5308524865627895,0,1,38.864514723697916,-51,51,1,102,0,0.19078323934194175,8.674104428544812,6.494111447522284,2.31168620137817,0.20361703485165092
41,Matthew Jones,56,77,142,rival,0.4118504324505114,0,4.850869490403917,9.263499730264336,1,1,52.94153638551199,-35,100,1,135,1,1.570052505908327,3.4677990290754543,3.51913082267181,6.252309702510104,0.5288936555759559
8,Charles Moore,65,68,219,rival,0.834241251647257,0,0.7799260353244737,5.549393515968055,1,1,89.71753149691715,-85,-53,0,32,0,7.2988966392134955,5.207178440735167,6.779948965642481,8.72701470744048,0.545144410062327
55,Christopher Brown,44,70,234,acquaintance,0.6253402507235355,1,1.8164770045860976,5.41353826851015,0,0,30.899839616218273,14,58,0,44,0,4.300642981803849,9.090020952804155,7.700499977555304,6.562317530291523,0.42155995551254755
72,Richard Williams,59,63,167,acquaintance,0.4905585535147302,0,7.407255565971819,7.654350125691849,0,1,41.12517632793493,-7,73,1,80,1,1.8793360223450828,1.3154588032324976,0.2619822146331874,9.859555930791913,0.3077191928611134
30,Christopher Robinson,63,67,179,colleague,0.7124267311070166,0,7.037342204960803,4.766022200441854,0,0,71.201912797666,-25,32,1,57,0,4.914455970663347,1.3751272234161471,1.9325982947851017,0.32229553227045793,0.3727605130984681
96,Jessica Wilson,37,66,136,acquaintance,0.4062469210942232,0,4.673209426833134,6.170593611146725,0,0,88.75869158415782,-11,102,1,113,1,6.079299579212947,8.243285147873623,7.202009134955517,3.941507087014978,0.45023992900342785
91,Charles Clark,27,76,147,stranger,0.5709657555381973,0,0.9029512020864289,9.95836371524048,0,1,73.51700815502674,22,131,0,109,0,5.1612668309479846,6.306485530927204,0.4929544918127604,2.9117936223412952,0.45942868880497717
22,Barbara Harris,52,69,133,acquaintance,0.7139717751009895,0,4.904000054180535,6.461015079296982,1,0,17.977139188893986,29,178,0,149,0,1.3530667419036257,4.1355930509761665,4.5088585484707435,1.7887857894361558,0.3995983749147731
12,William Harris,41,70,161,acquaintance,0.7310248318311379,1,1.5845669188287386,4.493984180247218,1,0,38.40873742615717,10,60,0,50,0,3.7867863141257976,3.806070092611468,7.6826032378438835,9.122527788221324,0.5040785421266633
19,Michael Davis,36,61,227,acquaintance,0.4848373233207388,0,9.629178078766564,2.8878053744474688,1,0,96.04338795159138,-120,-46,0,74,0,0.12207764824052503,4.976276074007977,4.986422400437381,8.074545637201558,0.17654058410743892
76,Elizabeth Miller,55,74,224,colleague,0.565125216898642,0,0.5624437207339331,8.821678649436057,1,0,82.01213913057185,-67,-45,0,22,0,1.8483998736930018,0.5506393800137099,3.4901983318270036,1.4537441621593594,0.47252156657636324
43,Nancy Taylor,30,61,147,stranger,0.5501741543132149,1,6.884859704983347,6.11089756048654,0,0,78.73075795335859,-75,51,1,126,1,3.601886475941525,0.3584004262928875,7.68511983001936,3.2282185084051953,0.43970942871240265
9,Jessica Garcia,43,75,154,friend,0.3732139380035673,0,3.6274810061380336,4.137579092729554,1,1,5.818458727972375,26,171,0,145,0,9.871892637585828,4.83662983209447,6.886542782543451,9.338916747881832,0.4613702655218339
68,Richard Moore,61,71,153,acquaintance,0.6685739885090336,0,7.427255067994053,4.97741114292327,0,0,23.272163948854107,-46,13,1,59,1,0.23986797518176006,6.254607423896532,1.1792572392127187,8.480697885701867,0.33259387167149135
43,Jessica Johnson,47,77,174,colleague,0.30677836078681786,1,3.175453680880117,7.901955028462116,1,0,32.39238393830701,-119,-80,0,39,0,6.858357886469579,3.413615852300027,7.243966428110118,6.159933429964842,0.551738095141056
44,William Anderson,55,75,129,rival,0.687391332398745,0,6.4584046332230445,8.92058326789918,0,1,78.39890332085388,-15,9,1,24,0,2.993437466393607,7.249641543492498,3.1550284143669307,5.35885475715387,0.41852939429888425
9,Richard Thomas,34,68,127,friend,0.5034914507729654,0,5.575595174006036,1.6596948780850795,0,1,11.68446381732351,-42,48,1,90,1,2.7149741659961313,0.8679778499196789,8.770487326207924,3.7158357688714805,0.20380803639435605
15,Barbara Davis,48,61,171,acquaintance,0.8480123077002353,0,0.7368803589846197,4.826631911468192,0,1,92.36367678900952,14,103,0,89,0,7.755332091997412,1.4329504794986092,8.71798985438433,8.221385179629435,0.5133224695055977
93,Michael Miller,27,74,219,rival,0.7282064342415789,0,0.5390437577241837,9.323373440208282,0,0,8.707589159376727,-1,20,1,21,1,7.661801849229953,7.455547251737177,0.22480261158643877,7.584938206683315,0.3528513128082224
36,William Taylor,59,70,232,acquaintance,0.7026744251742252,1,1.996212140467393,1.1446039390010165,0,0,10.23752928270204,18,117,0,99,0,5.493656569606431,2.710521008190275,9.432778187420494,8.04002838457135,0.2718841867148648
79,Robert Taylor,46,77,233,stranger,0.33043571023676094,1,9.081277872750247,0.5045601059441951,1,1,39.19167606456801,-6,95,1,101,1,8.174419790368313,7.128986847281645,6.708702654339359,5.334849288951277,0.4142082612361131
60,Robert Lewis,31,74,199,stranger,0.7106867848832247,0,4.921267360226704,2.316942136544605,1,0,61.69420872483607,-27,83,1,110,1,9.172644217698322,3.3032795629485467,8.607915929138949,3.2476108858945265,0.3982427474823965
45,Sarah Jones,55,74,163,acquaintance,0.4693544213530787,0,5.9594434515404915,5.07949665955694,1,0,10.698129479490015,22,50,0,28,0,7.924309395411471,5.327455659283313,4.008164747844335,4.134419056667036,0.36581624760716874
50,Linda Martin,29,70,173,friend,0.788349422934919,0,7.9509827778633655,4.353537080229161,0,0,23.615431914542206,-101,33,1,134,1,5.960754935660097,3.2537809427892936,0.9765390919166095,4.452162323607057,0.35198276200984235
14,Robert Robinson,63,72,203,stranger,0.5965770884379258,0,1.360063545907376,8.170335899212713,0,0,63.61328200238896,-120,-73,0,47,0,6.608813937695058,4.529744202737199,2.9150325350450466,6.155721662784472,0.38011277075265776
39,Lisa Anderson,61,69,231,friend,0.7306747331436587,0,9.90774793809824,5.827269778260532,0,0,84.76367453303611,-45,-20,0,25,0,3.692228935739077,5.488851366035604,0.5312731117638425,7.033541244270671,0.02193966338224387
31,Barbara Smith,52,78,220,rival,0.6751285820519655,0,4.357310217804222,4.35190048404923,1,1,13.906886568834508,22,130,0,108,0,8.433276707267913,3.602878886458477,4.17235494809354,2.88470871727586,0.33976421817519636
3,Robert Clark,34,75,231,stranger,0.8849850162426427,1,1.8035925485291144,8.059416146267612,0,0,69.5390519532781,-12,44,1,56,1,4.241246845725925,8.200714249167277,3.847147178300263,2.2574091841124764,0.5906859885984249
94,Christopher Martin,40,76,188,friend,0.5465026881988247,0,3.9862152398965343,9.78233449443169,0,0,11.31643696149347,3,33,0,30,0,1.4208747990567583,7.31293183016837,9.83579098130395,9.836683776272997,0.40448548651688787
79,Robert Thompson,30,67,240,stranger,0.6783977094666039,0,6.85281282098426,6.840740191466187,0,0,61.30391139743795,-33,113,1,146,1,4.688688103410211,5.126631103907159,4.6923239211712255,7.338145474457293,0.3816209902047796
22,Barbara Taylor,27,69,186,friend,0.33685065789207835,0,2.1062527890665077,0.5161988479137325,0,0,62.43170054800665,-47,87,1,134,1,5.05596109307276,8.514452560526342,2.778487969342691,1.3253876280633925,0.21744612849543898
95,David Smith,32,65,158,stranger,0.6954933842121951,0,2.166293967380371,7.8252770528774604,1,1,52.738885478686115,-112,-15,0,97,0,9.840716576904168,9.673456336935628,5.95544091864987,8.217237677734367,0.6050500405935298
31,Jessica Jackson,53,65,173,stranger,0.6466544362948586,0,1.0160949722042705,2.643954959175283,0,1,46.40149280335366,1,88,0,87,0,4.762662406723987,9.482517745526719,9.224592486956777,2.3366131171435702,0.3161711465797538
56,Michael Thompson,25,69,234,rival,0.5292024568251971,0,5.537407517338729,9.558707478718281,1,0,35.38280945731971,-10,69,1,79,1,2.670878157192197,0.9827678840863641,6.543432815684142,3.911537636899097,0.4916773034004788
67,Christopher Miller,46,65,200,rival,0.628567533242306,0,8.401050248336372,0.11961411023503232,1,1,44.594220333931155,-64,18,1,82,1,0.3404176252857194,6.19397223680774,0.5688191159446132,5.941385824725442,0.33404727097026976
91,Daniel Jones,32,62,153,friend,0.5255750640767572,0,6.655105463248891,8.03200065844994,1,1,18.426299283903635,-45,84,1,129,1,0.7571417569205541,4.534437650642945,9.95247373553988,7.6935912986832395,0.5386004893056668
100,Robert Moore,28,72,219,colleague,0.4995928421435888,1,9.578254142564596,2.646648524547329,1,1,92.85862982322955,-20,35,1,55,1,1.084304686179205,5.406321567945728,4.312535764156765,6.1396629097564634,0.46465071270771063
14,Matthew Moore,27,62,138,stranger,0.6428067359069518,1,4.735879497068118,8.965123928912087,1,0,93.28937235313329,-21,57,1,78,1,3.2983086932165575,3.9133036564767543,0.037037545098587143,7.076056520634224,0.49462947651432276
100,Joseph Lee,29,77,177,friend,0.30198441617678345,0,8.270778264167784,4.8206634164753295,0,0,35.89183265972116,-43,69,1,112,1,9.970157962949862,6.470744095047337,3.6535536151100914,8.533420783350284,0.34458635888303485
83,Thomas Taylor,37,65,130,colleague,0.880507776368396,0,3.339268279156697,3.901047251854889,1,0,48.650354210184865,-8,50,1,58,1,1.9309271890941704,7.197390347449746,5.92945428479352,4.892325504777396,0.4255523741912795
64,Daniel Taylor,59,74,124,colleague,0.3222256079582204,1,7.983896053207023,0.42814533453493175,1,0,66.73164183133812,-3,144,1,147,1,5.793457123114589,9.248158117535223,0.3687766742303755,1.4159047222804055,0.3209820322363376
32,Nancy Johnson,33,60,164,stranger,0.6795968728510648,0,8.297022618652303,0.9729224038261608,0,0,6.395761532932642,-93,-54,0,39,0,4.9714349653555,7.991752223344783,2.205725242429234,8.044535309273089,0.06746862204599534
52,Betty Rodriguez,45,63,155,colleague,0.4929539315540809,0,2.5257024560881023,0.4558654571388099,1,1,27.389335737553832,-14,39,1,53,1,5.534077299014189,4.386612120542273,9.256755305974618,0.40698894361934634,0.3820819106701424
49,Daniel Robinson,35,60,244,rival,0.34843356463171354,1,9.298301084688617,7.0674124845680435,0,1,69.35035273984953,1,43,0,42,0,2.061602185896624,6.398257037322948,5.230868641318316,4.1203132450024595,0.12210759772609706
24,Mary Robinson,56,62,197,rival,0.5087121401076877,1,2.738570569627562,1.1750782271179194,0,1,36.19013045931686,18,157,0,139,0,2.1927613365811105,7.703312831108588,6.593271583922855,2.764265839239136,0.1791296337366874
61,Michael Rodriguez,56,65,160,acquaintance,0.7020855810761737,1,6.626177947668985,2.85064520013256,1,1,80.51536745583981,-4,17,1,21,1,0.5245657954261707,5.373606396905154,1.5804561067739142,0.2906522516206944,0.25805153818059395
57,Elizabeth Lee,62,78,203,rival,0.5514397644940826,0,9.03454119037097,2.3006323560308872,1,1,23.711836142650146,-15,46,1,61,1,2.206627583021649,4.709902598343212,4.844077159042608,8.90488843887039,0.31185971880405416
23,Nancy Harris,49,71,154,rival,0.5746441158048268,1,3.906606761871136,2.6969453098037013,1,1,56.86658327255526,-49,-5,0,44,0,1.1110927054026243,4.655342955781439,4.182238293528654,7.603395830361247,0.42927361082393234
82,Nancy Davis,64,65,178,acquaintance,0.3518845993803269,0,5.147527286342464,9.956643373999194,0,0,27.917087833958753,-11,62,1,73,1,4.342487199564802,2.224066100405352,9.274796813113364,9.462523545993097,0.5195963344258356
6,Jessica Johnson,55,76,128,colleague,0.5554185861250239,0,8.192306951293098,6.966535063184151,1,1,8.30915239340585,-117,-3,0,114,0,9.499338956028705,1.327120017886585,2.9579042821423993,6.476401984613513,0.01
21,Lisa Taylor,54,78,126,friend,0.885852467066828,0,1.8169271894163699,7.031348899406222,1,0,62.68109564803226,-120,-92,0,28,0,3.8487926791186955,6.907506386407176,5.309203269534869,2.965899812124837,0.4777821326429793
74,Nancy Garcia,38,62,205,rival,0.7414564710806755,1,9.48056118298351,6.74652966588665,0,1,36.55908589463894,-110,-7,0,103,0,3.664329959099546,6.481726583748344,7.0487365921591145,5.607582085530246,0.027681161435323377
70,Richard Wilson,32,75,173,acquaintance,0.7519040990398081,0,3.5444062564578713,8.979330380809147,0,1,5.445999699361003,-25,73,1,98,1,5.014500955245092,8.295598262750314,4.701638498144245,5.319044789545854,0.4164823128715175
48,Thomas Robinson,29,66,237,acquaintance,0.3523852500923145,0,2.1987122948433493,9.5825650510659,1,1,11.202458066554444,-83,54,1,137,1,2.042561584762307,9.521047668701128,0.22690268555055848,4.165366587756171,0.43658853948451604
54,Sarah Thomas,53,60,194,rival,0.4134363952112921,1,8.118896474742268,8.349475186128073,0,1,57.87046055703794,-37,97,1,134,1,6.9686358071987495,8.419078703855627,4.452563036829761,3.040823382679496,0.47299968993138736
34,Barbara Davis,39,75,215,rival,0.882434429026304,0,0.9495298967451913,3.5312089535878624,1,1,92.41316404997548,17,100,0,83,0,1.82280510464356,1.7535934477546566,7.0811115721508315,9.047111471470888,0.4189515837517368
41,Jennifer Johnson,61,64,232,rival,0.45624431834968393,1,5.843628803027992,0.34689088654169975,1,1,37.291493600926614,18,69,0,51,0,5.336429573711735,1.2149002343739546,0.24925205145495566,9.310689158694215,0.41263819829267334
1,Richard Brown,59,76,204,acquaintance,0.6883463712280304,1,9.011785818288908,9.696055572033638,0,0,66.68877314558883,24,147,0,123,0,3.386844298925026,1.1231562295288233,4.789812333894854,0.40080913449997313,0.023375219565752437
80,John Jackson,39,74,211,acquaintance,0.3554886787818363,1,6.592470201506633,5.834314415338176,1,0,27.792716917183746,-115,-84,0,31,0,5.384122941602124,4.454580819387985,6.715577763141967,0.873769370901547,0.385353770838899
78,Sarah Anderson,63,76,134,stranger,0.8450681701306986,0,1.9054864145938737,8.53804069963399,1,1,28.465036559790523,-31,57,1,88,0,8.74301735766478,0.8759863090288,7.2785335695598175,4.4422036216801155,0.5614635858653688
94,Barbara Davis,52,73,155,acquaintance,0.8013069193982187,0,1.8645731879319696,3.032311385468626,0,0,33.54167421617789,-24,8,1,32,1,6.388059997142142,2.7332885872210566,1.748930108235317,4.6211996458654845,0.32663900000878276
24,Michael Miller,49,69,245,friend,0.3253397486633027,0,8.428559415485548,3.0391437928453446,0,1,2.684001469030639,-120,-71,0,49,0,2.6267702356107083,9.56026596133077,8.342430713516535,4.725411692572901,0.08343135443236277
83,Sarah Lewis,40,60,150,friend,0.7588310134882497,0,9.720940602078183,5.9889132339928715,1,1,43.60685115184331,-54,77,1,131,0,8.18280794617412,3.7320221597348047,7.3295727055716275,0.17545080522299306,0.4048228882348393
41,Mary Brown,54,64,211,friend,0.39798531108895685,1,4.485383048984019,9.12104621195468,1,1,52.961232989241566,-101,40,1,141,1,6.28029951328393,7.646893791445244,5.987624880122282,1.6713592070126781,0.547871109791663
35,Lisa Taylor,48,63,210,acquaintance,0.7939888900982627,1,5.422622089635348,3.730141951054918,1,1,91.07879784928943,-94,-29,0,65,0,1.5455491470830807,2.211135017244037,1.8841678496529701,8.970567327637614,0.45407908223423366
92,Charles Garcia,60,63,226,rival,0.5762948151649437,1,8.279025068482051,9.234097526772274,1,1,36.25685657487361,-7,136,1,143,1,3.4204512962853273,7.098948829225023,0.28759537223430054,8.145741084113485,0.38983896976351945
89,Matthew Brown,39,69,152,friend,0.4259046038845997,0,4.535648189952763,7.630236877801249,1,1,48.42548948327752,-10,10,1,20,1,0.32792715676539963,6.5978884334474195,5.931761716251465,4.690823414841459,0.3479721718865875
2,Barbara Rodriguez,31,63,172,acquaintance,0.6525618280522891,1,6.870706154700889,0.29259116133893315,1,0,27.737566045516427,28,127,0,99,0,3.5220327347932257,8.551380820619643,7.808021361273086,6.12956428839434,0.35697432826920933
98,Jennifer Martinez,25,76,175,rival,0.7294869804004469,0,2.1318478961719025,7.540178711498267,1,0,92.42320970745041,9,140,0,131,0,3.6646302564541178,5.893805711353255,4.396658291930384,9.57747735882733,0.5849905036815862
28,Joseph White,57,67,224,friend,0.3677072871986453,0,1.674346323505536,1.1031616121327559,1,0,70.47309151908104,22,42,0,20,0,0.8224794513073119,4.93712798623164,3.847811168701308,4.569457665114812,0.36138002171421396
71,Thomas Wilson,51,69,229,stranger,0.41327099140036294,1,8.490053613656356,4.75676796876505,0,1,99.87233256858505,5,41,0,36,0,3.9636975853188594,5.226623763035852,6.765186643973433,1.1921784388547807,0.08012485756730603
95,Christopher Jones,35,62,213,stranger,0.8851244965154814,0,6.152127884464563,9.906613186321335,1,0,72.52005003326394,-49,30,1,79,1,8.00984230964118,9.432250589149856,3.560973068760803,6.6667701008294085,0.6416917911678223
19,Charles Moore,54,63,151,colleague,0.45041391621235627,0,6.469524781799529,1.3460838071795933,1,1,6.822867317598236,-114,-59,0,55,0,3.8263298276501834,6.792043620866231,1.5273665117288082,6.219667615237282,0.33029664540545034
99,Lisa Thompson,56,74,171,colleague,0.47613775877100184,0,5.29555018235609,5.424381147594425,0,0,1.7670392636809362,-112,8,1,120,0,1.1913410860024298,4.501155191254556,8.528742892767232,4.425561462317127,0.20634566162003118
100,Karen Rodriguez,44,65,245,stranger,0.5584086707286011,0,4.196264662823243,7.640111380024402,0,1,55.378389869164046,18,148,0,130,0,4.759110552240565,8.543514695488732,5.0668504875702505,3.9138481962227054,0.39866742243829145
87,Joseph Robinson,47,69,202,rival,0.33685438347524543,0,1.717881604663092,3.664100941186903,0,0,76.51940203558124,-33,74,1,107,1,3.4514302754361568,3.573660806710243,3.5126926046944584,6.6124000582269495,0.5351933132649394
11,Barbara Martinez,29,69,149,stranger,0.5025565542419816,1,3.5981099594763464,4.60909386409579,0,0,90.1409845211898,-52,-37,0,15,0,6.959584762878707,5.879892335998747,9.857647815087015,3.777375934299345,0.41826400184929435
13,Jennifer Martin,38,70,247,acquaintance,0.6016611135518126,0,3.7256245358508715,6.148278735542364,1,1,49.695171144190574,-101,46,1,147,1,2.651550996864688,2.97320269020108,5.7352069319805015,8.04603019549593,0.48536009923226703
75,Robert Lewis,31,78,206,acquaintance,0.4640189591077109,0,5.545104742162298,4.271058902870055,1,1,82.37389497596548,9,95,0,86,0,4.3291048454833545,5.399475791555118,2.000769854658413,4.023009557371198,0.4203594358155722
24,Lisa Garcia,26,76,167,friend,0.6461059771442575,1,9.640112208777113,7.422080109872146,1,0,53.271933502654335,-9,16,1,25,1,3.6427466915910456,1.4774368882457867,1.5047265400315457,6.853066367322958,0.4924511247839873
9,Jessica Anderson,65,66,225,stranger,0.4601608551608504,1,2.025550946118258,6.868549034091254,1,1,14.996224784788492,-113,-41,0,72,0,7.970447601916552,3.1054056781649364,4.853823524700478,9.912931057522663,0.5118414208144485
21,Mary Miller,42,64,127,stranger,0.4550381084814809,0,6.757371770081728,1.7598522189478438,0,0,48.58419655429851,-115,-91,0,24,0,8.595840029158106,0.8392954106557937,6.015997402219412,8.67171779748661,0.4398666077221392
12,Lisa Rodriguez,50,64,180,acquaintance,0.36715941833394783,0,9.36288675029654,5.219575588719333,0,0,93.15556252394627,-56,81,1,137,0,2.3807685524092106,1.2227683345370643,8.066872456178839,3.2928591096650184,0.4201128370672055
31,Betty Lee,52,66,156,rival,0.36408840794185215,1,3.108199675940099,4.083755556814813,0,1,53.34699703358484,-92,-1,0,91,0,5.457450332029261,4.748541242088261,2.4634668948736294,2.7773376464421693,0.28713827194770736
40,Matthew Thomas,26,61,133,friend,0.7144094731694042,0,2.776920377487968,5.527279033116267,1,0,36.28550984200618,-89,57,1,146,0,8.57647139149925,3.884710148562945,9.097890999968943,3.9297556823125026,0.45872385020381734
27,Elizabeth Taylor,35,74,201,rival,0.8276803485106576,0,4.359743751574422,0.3388168121901536,0,0,94.04954201854159,0,115,1,115,0,3.327222147389204,4.223659997937173,9.185461984592774,1.0039556640685243,0.34415603769504804
46,Charles Williams,51,77,203,rival,0.5719570518815968,1,0.9949388175684322,6.415925114135415,0,0,13.609222324994052,-18,43,1,61,1,3.137218026504617,0.8223205142340206,1.5782243944409158,5.163658910510237,0.3311956907300873
41,Lisa White,53,75,154,colleague,0.4564079277521924,0,8.354301788747415,7.995286679401794,1,1,18.18892538062794,-24,43,1,67,1,0.2297009470397493,5.585299853019913,6.120031597213995,2.2870724578831183,0.43788839021551523
90,William Moore,35,61,222,rival,0.6708024297456594,0,1.9178864087617544,9.580328640931855,1,0,1.411490677731797,14,135,0,121,0,7.7335932046166835,9.282848719783713,8.272574519634993,4.941490301378991,0.5309489122454696
37,William Moore,56,72,153,friend,0.5587851532831984,1,2.5478826795106433,8.240888884884658,0,1,18.036987191829155,-83,-66,0,17,0,2.90192961514951,2.61799463894111,6.176802400572351,9.073282349729386,0.3895170128880962
11,Daniel Harris,25,75,154,friend,0.8228660851266056,0,4.2767697984360025,2.122176640729304,1,1,59.71959401385902,-102,-68,0,34,0,5.569999743905091,0.5211261162804459,9.310646074625957,4.7093242338468535,0.5120068373322438
91,Lisa Robinson,27,60,184,acquaintance,0.6027251986547912,0,9.786476800215391,6.712620211459787,1,0,4.112498894696614,-75,1,1,76,1,4.928398276144783,3.391767358623202,4.680848653012479,0.8964798090843396,0.3543231576244619
41,David Jones,27,64,247,rival,0.8230077354909695,0,7.604321993333294,9.262370424724073,1,0,61.2931570631185,-53,89,1,142,1,8.926718098296508,3.1554291946343502,9.945650658851473,7.6367541365363225,0.5833512062427032
57,Lisa Clark,28,66,158,colleague,0.33274030043122416,1,4.967351548166033,1.6355495680840948,1,1,89.51752180397983,6,26,0,20,0,4.415196877458699,9.888185837047484,5.6085452053844564,4.577597043885927,0.4733015228521916
45,Michael Jones,30,66,192,colleague,0.40839297846684003,1,5.333008757341144,2.727915537599279,0,0,58.35473909825425,-119,25,1,144,1,1.8056884718253452,9.204131966593522,2.461574358362959,4.981107762225606,0.3252592933113094
88,John Taylor,32,72,215,friend,0.6542030986956437,0,8.45128348152052,1.5377546868379788,1,0,65.9539323150032,-4,74,1,78,1,0.05805360745094079,9.697705138016268,6.561727570173506,9.508959684752076,0.45358593998263885
